Time,Tibialis antelior,Gastrocnemius medialis
0.54,-0.01,-0.015
0.541,-0.039,-0.003
0.542,-0.05,0.0
0.543,-0.035,-0.002
0.544,-0.055,-0.002
0.545,-0.041,-0.008
0.546,-0.041,-0.012
0.547,-0.028,-0.012
0.548,-0.023,-0.002
0.549,-0.012,0.003
0.55,-0.04,0.005
0.551,-0.051,0.008
0.552,-0.055,0.009
0.553,0.026,0.006
0.554,0.099,0.005
0.555,0.101,0.005
0.556,0.075,0.004
0.557,0.052,0.002
0.558,0.033,0.002
0.559,0.056,0.0
0.56,0.091,0.0
0.561,0.044,-0.005
0.562,0.04,-0.005
0.563,0.0,-0.002
0.564,-0.018,-0.003
0.565,-0.009,-0.002
0.566,-0.031,-0.008
0.567,-0.034,-0.006
0.568,-0.007,0.005
0.569,0.0,0.008
0.57,-0.015,0.009
0.571,-0.015,0.007
0.572,-0.007,0.004
0.573,0.057,0.005
0.574,0.122,0.004
0.575,0.048,0.002
0.576,-0.047,0.0
0.577,-0.107,-0.001
0.578,-0.039,0.0
0.579,0.018,-0.002
0.58,0.012,-0.004
1.6,-0.001,-0.294
1.601,0.004,-0.187
1.602,0.002,-0.177
1.603,0.022,-0.087
1.604,0.009,-0.044
1.605,0.022,-0.039
1.606,0.022,0.131
1.607,0.037,0.65
1.608,0.063,0.534
1.609,0.045,0.155
1.61,0.024,0.176
1.611,0.0,0.076
1.612,0.014,0.018
1.613,0.005,-0.189
1.614,0.026,-0.218
1.615,0.043,-0.247
1.616,0.037,-0.147
1.617,0.035,0.1
1.618,0.02,0.235
1.619,0.031,0.194
1.62,0.007,0.196
1.621,0.013,0.042
1.622,0.009,-0.03
1.623,0.0,0.006
1.624,0.005,-0.002
1.625,-0.02,0.016
1.626,-0.032,-0.026
1.627,-0.046,-0.012
1.628,-0.022,-0.014
1.629,-0.029,-0.051
1.63,-0.032,-0.09
1.631,-0.043,-0.118
1.632,-0.056,-0.137
1.633,-0.047,-0.212
1.634,-0.028,-0.281
1.635,-0.001,-0.156
1.636,0.005,-0.167
1.637,0.03,-0.338
1.638,0.035,-0.374
1.639,0.055,-0.208
1.64,0.043,-0.016
1.641,0.03,-0.115
1.642,0.022,-0.208
1.643,-0.005,0.199
1.644,-0.005,0.405
1.645,-0.011,0.384
1.646,0.001,0.357
1.647,-0.009,-0.037
1.648,0.008,-0.038
1.649,0.03,0.27
1.65,0.04,0.249
1.651,0.049,0.228
1.652,0.043,0.298
1.653,0.044,0.26
1.654,0.025,0.232
1.655,0.016,0.181
1.656,-0.014,0.149
1.657,-0.006,0.133
1.658,-0.014,0.116
1.659,-0.018,0.074
1.66,-0.024,0.04
1.661,-0.034,0.019
1.662,-0.035,0.009
1.663,-0.051,-0.016
1.664,-0.035,-0.054
1.665,-0.033,-0.056
1.666,-0.039,-0.108
1.667,-0.031,-0.123
1.668,-0.012,-0.137
1.669,0.021,-0.163
1.67,0.035,-0.138
1.671,0.063,-0.11
1.672,0.086,-0.075
1.673,0.091,-0.09
1.674,0.091,-0.069
1.675,0.058,-0.037
1.676,0.044,-0.021
1.677,0.015,-0.047
1.678,0.019,-0.063
1.679,0.013,-0.037
1.68,0.011,-0.032
1.681,0.02,-0.051
1.682,0.007,-0.043
1.683,0.018,-0.057
1.684,-0.009,-0.052
1.685,-0.021,-0.044
1.686,-0.039,-0.032
1.687,-0.039,0.029
1.688,-0.016,0.041
1.689,-0.009,-0.035
1.69,-0.013,-0.037
1.691,-0.02,-0.059
1.692,-0.001,-0.075
1.693,-0.004,-0.055
1.694,0.013,-0.048
1.695,-0.001,-0.002
1.696,-0.008,-0.022
1.697,-0.003,-0.025
1.698,-0.01,-0.014
1.699,0.007,-0.008
1.7,0.001,-0.001
1.701,0.003,0.004
1.702,0.009,0.005
1.703,-0.003,0.004
1.704,0.004,-0.003
1.705,0.0,-0.009
1.706,-0.003,-0.016
1.707,-0.013,-0.007
1.708,-0.001,0.013
1.709,0.0,0.016
1.71,-0.003,0.02
1.711,0.001,0.019
1.712,-0.006,0.02
1.713,0.002,0.015
1.714,-0.008,0.018
1.715,0.0,0.025
1.716,-0.009,0.03
1.717,-0.005,0.018
1.718,-0.013,-0.01
1.719,-0.012,-0.05
1.72,-0.025,-0.076
1.721,-0.027,-0.078
1.722,-0.021,-0.075
1.723,-0.007,-0.097
1.724,0.018,-0.095
1.725,0.009,0.075
1.726,0.017,0.191
1.727,0.009,0.124
1.728,0.023,0.121
1.729,0.018,0.101
1.73,0.005,0.081
1.731,0.004,0.046
1.732,0.016,0.046
1.733,0.011,0.037
1.734,0.007,0.039
1.735,0.013,0.032
1.736,0.001,0.015
1.737,0.01,0.016
1.738,0.003,0.005
1.739,0.011,0.009
1.74,0.0,0.0
1.741,0.001,-0.003
1.742,0.006,-0.011
1.743,-0.001,-0.008
1.744,0.006,-0.009
1.745,-0.012,-0.009
1.746,-0.008,-0.02
1.747,-0.009,-0.016
1.748,0.005,-0.012
1.749,0.007,-0.007
1.75,0.002,-0.008
1.751,0.016,-0.004
1.752,0.0,-0.008
1.753,0.002,-0.008
1.754,-0.004,-0.004
1.755,0.008,-0.002
1.756,0.019,-0.003
1.757,0.007,-0.001
1.758,0.01,-0.002
1.759,0.003,0.0
1.76,0.011,0.0
1.761,-0.006,-0.003
1.762,0.012,-0.002
1.763,0.006,-0.002
1.764,0.008,-0.002
1.765,-0.003,-0.003
1.766,-0.003,-0.006
1.767,0.001,-0.008
1.768,0.003,-0.003
1.769,0.014,-0.005
1.77,0.004,-0.005
1.771,0.014,-0.005
1.772,0.003,-0.007
1.773,0.009,-0.003
1.774,0.004,0.001
1.775,0.014,0.0
1.776,0.006,0.002
1.777,0.008,0.0
1.778,0.003,0.0
1.779,0.006,0.0
1.78,0.007,-0.002
1.781,0.0,-0.001
1.782,0.003,0.0
1.783,0.002,0.0
1.784,0.008,0.002
1.785,0.004,0.001
1.786,0.0,-0.003
1.787,-0.005,0.0
1.788,0.015,0.005
1.789,0.01,0.005
1.79,0.022,0.004
1.791,0.007,0.005
1.792,0.009,0.003
1.793,-0.009,0.003
1.794,-0.001,0.0
1.795,-0.005,0.001
1.796,0.004,0.002
1.797,0.012,0.004
1.798,0.02,0.003
1.799,0.036,0.003
1.8,0.017,0.003
1.801,0.022,0.0
1.802,0.004,0.001
1.803,-0.004,0.001
1.804,-0.026,0.002
1.805,-0.022,-0.001
1.806,-0.032,-0.004
1.807,-0.033,-0.003
1.808,-0.032,0.001
1.809,-0.013,0.0
1.81,-0.001,0.001
1.811,-0.013,0.002
1.812,-0.011,0.003
1.813,-0.003,0.003
1.814,0.002,0.002
1.815,-0.015,0.002
1.816,0.023,0.003
1.817,0.044,0.004
1.818,0.061,0.003
1.819,0.08,0.002
1.82,0.05,0.0
3.82,-0.055,0.728
3.821,-0.074,0.507
3.822,-0.103,0.373
3.823,-0.128,0.092
3.824,-0.154,0.063
3.825,-0.16,-0.105
3.826,-0.168,-0.16
3.827,-0.146,-0.177
3.828,-0.152,-0.176
3.829,-0.15,-0.209
3.83,-0.171,-0.08
3.831,-0.182,-0.056
3.832,-0.179,-0.103
3.833,-0.173,0.013
3.834,-0.141,0.079
3.835,-0.139,0.0
3.836,-0.148,-0.14
3.837,-0.197,-0.205
3.838,-0.209,-0.427
3.839,-0.197,-0.737
3.84,-0.164,-0.671
3.841,-0.11,-0.251
3.842,-0.084,0.562
3.843,-0.099,0.775
3.844,-0.151,0.322
3.845,-0.19,0.061
3.846,-0.217,-0.142
3.847,-0.237,0.193
3.848,-0.207,0.434
3.849,-0.185,0.27
3.85,-0.165,0.242
3.851,-0.144,0.353
3.852,-0.149,0.107
3.853,-0.151,0.044
3.854,-0.18,0.133
3.855,-0.19,0.149
3.856,-0.207,0.07
3.857,-0.209,0.009
3.858,-0.207,0.048
3.859,-0.196,-0.036
3.86,-0.19,-0.116
3.861,-0.192,-0.189
3.862,-0.168,-0.245
3.863,-0.165,-0.365
3.864,-0.161,-0.321
3.865,-0.161,-0.241
3.866,-0.128,-0.197
3.867,-0.101,-0.105
3.868,-0.083,0.147
3.869,-0.096,0.132
3.87,-0.12,0.033
3.871,-0.154,-0.216
3.872,-0.169,-0.213
3.873,-0.176,-0.179
3.874,-0.179,-0.219
3.875,-0.167,-0.123
3.876,-0.16,-0.055
3.877,-0.146,0.149
3.878,-0.161,0.229
3.879,-0.174,0.157
3.88,-0.192,0.131
3.881,-0.198,0.0
3.882,-0.189,-0.204
3.883,-0.177,-0.292
3.884,-0.151,-0.379
3.885,-0.138,-0.238
3.886,-0.108,-0.192
3.887,-0.081,-0.346
3.888,-0.055,-0.39
3.889,-0.05,-0.177
3.89,-0.052,0.09
3.891,-0.059,0.258
3.892,-0.083,0.396
3.893,-0.098,0.231
3.894,-0.122,0.341
3.895,-0.137,0.443
3.896,-0.158,0.207
3.897,-0.146,0.186
3.898,-0.136,0.16
3.899,-0.131,0.159
3.9,-0.116,0.053
3.901,-0.12,0.118
3.902,-0.109,0.024
3.903,-0.09,0.008
3.904,-0.052,-0.033
3.905,-0.035,-0.04
3.906,-0.054,0.089
3.907,-0.064,0.014
3.908,-0.094,0.017
3.909,-0.11,0.003
3.91,-0.114,-0.012
3.911,-0.104,-0.056
3.912,-0.093,-0.078
3.913,-0.081,-0.092
3.914,-0.076,-0.098
3.915,-0.087,-0.076
3.916,-0.079,-0.074
3.917,-0.068,-0.076
3.918,-0.048,-0.065
3.919,-0.034,-0.04
3.92,-0.035,-0.016
3.921,-0.031,-0.001
3.922,-0.028,-0.033
3.923,-0.001,-0.05
3.924,-0.002,-0.066
3.925,-0.007,-0.06
3.926,-0.011,-0.049
3.927,-0.015,-0.035
3.928,-0.017,-0.025
3.929,-0.019,-0.018
3.93,-0.018,-0.011
3.931,-0.023,-0.009
3.932,-0.02,0.007
3.933,0.0,0.028
3.934,-0.004,0.03
3.935,-0.028,0.022
3.936,-0.059,0.016
3.937,-0.059,0.008
3.938,-0.059,0.008
3.939,-0.057,0.009
3.94,-0.067,0.009
3.941,-0.083,0.013
3.942,-0.067,0.015
3.943,-0.07,0.005
3.944,-0.064,-0.02
3.945,-0.066,-0.044
3.946,-0.054,-0.043
3.947,-0.024,-0.02
3.948,-0.015,-0.009
3.949,-0.007,-0.007
3.95,0.0,0.008
3.951,0.005,0.023
3.952,-0.005,0.018
3.953,-0.009,0.012
3.954,-0.016,0.005
3.955,-0.012,0.005
3.956,-0.026,0.012
3.957,-0.018,0.004
3.958,-0.024,0.006
3.959,-0.022,0.002
3.96,-0.018,0.005
3.961,-0.023,0.002
3.962,-0.015,0.0
3.963,-0.024,0.0
3.964,-0.012,-0.003
3.965,-0.017,-0.002
3.966,-0.012,-0.004
3.967,-0.012,0.002
3.968,-0.006,0.003
3.969,-0.002,0.005
3.97,-0.014,0.001
3.971,-0.008,0.002
3.972,-0.011,0.005
3.973,-0.003,0.006
3.974,-0.004,0.004
3.975,-0.013,-0.001
3.976,-0.003,0.0
3.977,-0.009,0.0
3.978,-0.001,0.001
3.979,-0.007,0.003
3.98,-0.002,0.003
3.981,-0.005,0.002
3.982,-0.003,0.006
3.983,0.001,0.003
3.984,-0.008,0.004
3.985,-0.001,0.004
3.986,-0.01,0.001
3.987,0.0,0.004
3.988,-0.003,0.005
3.989,0.005,0.007
3.99,-0.001,0.004
3.991,0.001,0.003
3.992,0.002,0.002
3.993,-0.005,0.001
3.994,0.001,0.003
3.995,-0.004,0.006
3.996,0.004,0.003
3.997,-0.001,0.002
3.998,0.007,0.002
3.999,0.003,0.003
4.0,0.001,0.001
4.001,0.005,0.0
4.002,-0.005,0.002
4.003,0.007,0.001
4.004,0.0,0.001
4.005,0.0,0.0
4.006,0.0,-0.002
4.007,0.003,0.001
4.008,0.009,0.001
4.009,0.003,0.0
4.01,0.01,0.001
4.011,0.003,0.0
4.012,0.004,0.0
4.013,0.006,0.001
4.014,-0.001,0.001
4.015,0.009,0.001
4.016,0.001,0.004
4.017,0.006,0.003
4.018,0.008,0.004
4.019,0.007,0.005
4.02,0.007,0.002
4.96,-0.077,-0.189
4.961,-0.085,0.015
4.962,-0.093,-0.083
4.963,-0.114,-0.214
4.964,-0.116,-0.043
4.965,-0.11,0.148
4.966,-0.099,0.137
4.967,-0.104,0.698
4.968,-0.106,1.068
4.969,-0.122,0.82
4.97,-0.121,0.58
4.971,-0.126,0.286
4.972,-0.122,0.191
4.973,-0.119,0.11
4.974,-0.106,0.009
4.975,-0.085,0.034
4.976,-0.078,-0.013
4.977,-0.064,-0.047
4.978,-0.061,-0.239
4.979,-0.045,-0.292
4.98,-0.053,-0.214
4.981,-0.059,-0.221
4.982,-0.08,-0.229
4.983,-0.089,-0.276
4.984,-0.111,-0.364
4.985,-0.103,-0.299
4.986,-0.099,-0.216
4.987,-0.098,-0.154
4.988,-0.102,-0.138
4.989,-0.109,-0.124
4.99,-0.111,-0.065
4.991,-0.09,0.151
4.992,-0.075,0.387
4.993,-0.078,0.637
4.994,-0.078,0.495
4.995,-0.085,0.093
4.996,-0.094,0.064
4.997,-0.11,-0.065
4.998,-0.105,-0.038
4.999,-0.101,0.111
5.0,-0.062,-0.008
5.001,-0.048,-0.259
5.002,-0.004,-0.203
5.003,0.008,-0.148
5.004,0.009,0.079
5.005,0.0,0.32
5.006,-0.031,0.155
5.007,-0.053,-0.071
5.008,-0.087,-0.111
5.009,-0.092,-0.08
5.01,-0.098,-0.159
5.011,-0.102,-0.193
5.012,-0.096,-0.111
5.013,-0.103,0.018
5.014,-0.088,0.163
5.015,-0.076,0.185
5.016,-0.072,0.105
5.017,-0.083,0.11
5.018,-0.084,0.018
5.019,-0.069,-0.007
5.02,-0.061,-0.097
5.021,-0.037,-0.137
5.022,-0.027,-0.021
5.023,-0.025,-0.004
5.024,-0.043,-0.104
5.025,-0.053,-0.046
5.026,-0.057,-0.102
5.027,-0.053,-0.219
5.028,-0.056,-0.367
5.029,-0.039,-0.278
5.03,-0.014,-0.259
5.031,0.004,-0.214
5.032,0.002,0.08
5.033,-0.009,0.103
5.034,-0.006,0.007
5.035,-0.015,-0.042
5.036,-0.021,0.168
5.037,-0.039,0.376
5.038,-0.058,0.302
5.039,-0.089,0.173
5.04,-0.101,0.133
5.041,-0.107,0.139
5.042,-0.095,0.087
5.043,-0.093,-0.006
5.044,-0.075,-0.016
5.045,-0.057,-0.079
5.046,-0.04,-0.093
5.047,-0.007,-0.125
5.048,0.022,-0.132
5.049,0.038,-0.076
5.05,-0.002,-0.09
5.051,-0.006,-0.087
5.052,-0.013,-0.058
5.053,0.003,-0.045
5.054,0.007,-0.031
5.055,0.008,-0.025
5.056,-0.002,-0.014
5.057,-0.009,-0.027
5.058,-0.01,-0.04
5.059,-0.012,-0.017
5.06,-0.012,0.0
5.061,-0.025,0.012
5.062,-0.029,-0.023
5.063,-0.03,-0.044
5.064,-0.015,0.003
5.065,-0.031,0.039
5.066,-0.025,-0.019
5.067,-0.033,-0.076
5.068,-0.021,0.0
5.069,-0.024,0.074
5.07,-0.019,0.04
5.071,-0.031,-0.003
5.072,-0.038,-0.01
5.073,-0.041,0.022
5.074,-0.041,0.078
5.075,-0.022,0.029
5.076,-0.028,-0.012
5.077,-0.012,-0.003
5.078,-0.021,-0.009
5.079,-0.004,-0.003
5.08,-0.014,-0.005
5.081,-0.008,0.034
5.082,0.006,0.052
5.083,0.015,0.078
5.084,0.021,0.119
5.085,-0.001,0.102
5.086,-0.002,0.061
5.087,-0.008,0.054
5.088,0.0,0.018
5.089,-0.012,0.0
5.09,-0.011,-0.005
5.091,-0.009,-0.008
5.092,-0.012,0.0
5.093,-0.002,-0.006
5.094,-0.017,-0.002
5.095,-0.004,-0.004
5.096,-0.001,-0.001
5.097,-0.003,-0.013
5.098,-0.001,-0.007
5.099,-0.006,-0.007
5.1,0.0,0.0
5.101,-0.008,-0.001
5.102,0.0,0.002
5.103,-0.002,0.002
5.104,-0.002,0.002
5.105,-0.01,-0.003
5.106,-0.013,-0.007
5.107,-0.01,-0.005
5.108,-0.014,-0.008
5.109,-0.005,-0.009
5.11,-0.013,-0.008
5.111,-0.001,-0.01
5.112,-0.002,-0.012
5.113,0.004,-0.008
5.114,0.002,-0.01
5.115,0.003,-0.007
5.116,0.015,0.001
5.117,0.005,0.013
5.118,0.016,0.016
5.119,0.004,0.015
5.12,0.011,0.017
5.121,0.0,0.011
5.122,0.004,0.01
5.123,0.008,0.007
5.124,-0.003,0.005
5.125,0.0,0.0
5.126,-0.009,0.0
5.127,-0.003,0.002
5.128,0.0,0.002
5.129,-0.002,0.001
5.13,0.002,0.001
5.131,0.0,0.002
5.132,0.008,0.003
5.133,0.007,0.001
5.134,0.004,0.003
5.135,0.016,0.003
5.136,0.003,0.0
5.137,0.008,0.002
5.138,0.005,0.0
5.139,0.002,-0.003
5.14,0.004,-0.007
5.141,0.0,-0.002
5.142,0.011,-0.003
5.143,0.001,-0.006
5.144,0.003,-0.004
5.145,-0.001,-0.004
5.146,-0.011,-0.003
5.147,0.004,0.0
5.148,0.008,0.002
5.149,0.016,0.003
5.15,0.016,0.0
5.151,0.017,-0.001
5.152,0.012,0.007
5.153,0.012,0.004
5.154,0.013,0.001
5.155,0.009,0.002
5.156,0.013,0.003
5.157,0.008,0.005
5.158,0.019,0.005
5.159,0.002,0.002
5.16,0.008,0.0
7.16,1.262,-0.08
7.161,1.235,-0.143
7.162,1.199,-0.203
7.163,1.178,-0.191
7.164,1.133,0.0
7.165,1.093,0.217
7.166,1.041,0.16
7.167,0.993,-0.056
7.168,0.951,-0.167
7.169,0.91,0.026
7.17,0.867,0.158
7.171,0.817,0.122
7.172,0.769,0.155
7.173,0.706,-0.169
7.174,0.651,-0.235
7.175,0.598,-0.134
7.176,0.553,-0.175
7.177,0.519,0.021
7.178,0.51,0.125
7.179,0.495,0.039
7.18,0.489,-0.193
7.181,0.475,-0.073
7.182,0.464,0.016
7.183,0.433,-0.131
7.184,0.406,0.232
7.185,0.345,0.361
7.186,0.31,0.152
7.187,0.281,0.141
7.188,0.256,0.183
7.189,0.24,0.193
7.19,0.207,0.167
7.191,0.18,0.281
7.192,0.138,0.222
7.193,0.108,0.138
7.194,0.059,0.101
7.195,0.039,0.051
7.196,0.005,0.052
7.197,-0.021,0.075
7.198,-0.043,0.04
7.199,-0.054,-0.045
7.2,-0.067,-0.084
7.201,-0.065,-0.171
7.202,-0.056,-0.208
7.203,-0.034,-0.202
7.204,-0.034,-0.202
7.205,-0.034,-0.174
7.206,-0.061,-0.218
7.207,-0.097,-0.337
7.208,-0.125,-0.393
7.209,-0.144,-0.395
7.21,-0.156,-0.487
7.211,-0.161,-0.56
7.212,-0.134,-0.284
7.213,-0.136,0.148
7.214,-0.136,0.645
7.215,-0.156,0.705
7.216,-0.189,0.457
7.217,-0.219,0.404
7.218,-0.238,0.246
7.219,-0.266,0.172
7.22,-0.287,0.079
7.221,-0.297,-0.031
7.222,-0.311,-0.101
7.223,-0.334,-0.145
7.224,-0.337,-0.135
7.225,-0.348,-0.124
7.226,-0.33,-0.021
7.227,-0.324,0.07
7.228,-0.313,0.148
7.229,-0.317,0.076
7.23,-0.306,0.012
7.231,-0.307,0.003
7.232,-0.285,-0.025
7.233,-0.265,0.023
7.234,-0.268,-0.04
7.235,-0.266,-0.091
7.236,-0.277,-0.118
7.237,-0.286,-0.076
7.238,-0.299,-0.085
7.239,-0.3,-0.081
7.24,-0.315,-0.083
7.241,-0.317,-0.077
7.242,-0.329,-0.071
7.243,-0.322,-0.061
7.244,-0.318,-0.04
7.245,-0.313,-0.049
7.246,-0.322,0.015
7.247,-0.311,0.116
7.248,-0.304,0.048
7.249,-0.287,0.04
7.25,-0.293,0.077
7.251,-0.3,0.027
7.252,-0.303,0.055
7.253,-0.309,0.028
7.254,-0.303,0.022
7.255,-0.307,-0.005
7.256,-0.296,-0.076
7.257,-0.291,-0.121
7.258,-0.262,-0.078
7.259,-0.25,-0.124
7.26,-0.212,-0.099
7.261,-0.202,0.007
7.262,-0.197,0.033
7.263,-0.226,-0.009
7.264,-0.24,-0.071
7.265,-0.248,-0.107
7.266,-0.227,-0.078
7.267,-0.201,-0.021
7.268,-0.204,-0.024
7.269,-0.216,-0.003
7.27,-0.24,-0.011
7.271,-0.24,-0.02
7.272,-0.245,-0.004
7.273,-0.227,0.076
7.274,-0.226,0.139
7.275,-0.223,0.064
7.276,-0.22,0.011
7.277,-0.219,0.02
7.278,-0.205,0.029
7.279,-0.206,0.054
7.28,-0.202,0.054
7.281,-0.205,0.086
7.282,-0.198,0.084
7.283,-0.199,0.016
7.284,-0.183,-0.086
7.285,-0.172,-0.115
7.286,-0.139,-0.095
7.287,-0.124,-0.046
7.288,-0.133,0.009
7.289,-0.14,0.027
7.29,-0.153,0.028
7.291,-0.163,0.018
7.292,-0.162,-0.002
7.293,-0.147,-0.01
7.294,-0.124,0.0
7.295,-0.129,0.002
7.296,-0.146,0.004
7.297,-0.139,0.005
7.298,-0.136,0.015
7.299,-0.126,0.018
7.3,-0.135,0.019
7.301,-0.123,0.013
7.302,-0.13,0.007
7.303,-0.118,0.007
7.304,-0.125,0.009
7.305,-0.124,0.005
7.306,-0.125,0.006
7.307,-0.117,0.004
7.308,-0.111,-0.001
7.309,-0.114,-0.003
7.31,-0.106,0.0
7.311,-0.111,0.004
7.312,-0.099,0.005
7.313,-0.103,0.002
7.314,-0.096,0.002
7.315,-0.098,0.003
7.316,-0.083,0.005
7.317,-0.074,0.011
7.318,-0.073,0.005
7.319,-0.068,0.005
7.32,-0.08,0.006
7.321,-0.074,0.003
7.322,-0.076,0.008
7.323,-0.061,0.004
7.324,-0.069,0.002
7.325,-0.069,-0.001
7.326,-0.072,-0.003
7.327,-0.067,-0.002
7.328,-0.061,0.001
7.329,-0.06,0.0
7.33,-0.046,0.0
7.331,-0.049,0.002
7.332,-0.04,0.001
7.333,-0.05,0.0
7.334,-0.04,0.0
7.335,-0.039,-0.001
7.336,-0.034,-0.002
7.337,-0.037,0.006
7.338,-0.035,0.008
7.339,-0.041,0.007
7.34,-0.042,0.0
7.341,-0.039,-0.003
7.342,-0.036,0.0
7.343,-0.032,-0.001
7.344,-0.039,-0.003
7.345,-0.032,-0.002
7.346,-0.034,-0.002
7.347,-0.029,-0.002
7.348,-0.029,0.0
7.349,-0.02,0.004
7.35,-0.027,0.003
7.351,-0.02,0.0
7.352,-0.025,0.006
7.353,-0.017,0.005
7.354,-0.017,0.003
7.355,-0.01,0.006
7.356,-0.011,0.006
7.357,-0.011,0.002
7.358,-0.015,0.0
7.359,-0.018,0.0
7.36,-0.017,-0.002
7.361,-0.018,-0.003
7.362,-0.01,-0.001
7.363,-0.019,-0.001
7.364,-0.013,-0.001
7.365,-0.019,-0.001
7.366,-0.012,0.0
7.367,-0.009,0.003
7.368,-0.001,0.002
7.369,0.0,0.002
7.37,0.007,0.003
7.371,0.0,0.003
7.372,0.004,0.002
7.373,-0.004,0.002
7.374,-0.001,0.0
7.375,-0.007,0.001
7.376,0.0,0.001
7.377,-0.001,0.001
7.378,0.0,0.0
7.379,-0.006,0.0
7.38,0.0,-0.001
0.54,0.095,-0.175
0.541,0.107,-0.029
0.542,0.087,0.153
0.543,0.065,0.008
0.544,0.04,-0.114
0.545,0.009,-0.089
0.546,0.0,-0.228
0.547,0.001,-0.22
0.548,-0.007,-0.248
0.549,-0.017,-0.215
0.55,-0.025,-0.141
0.551,-0.015,-0.032
0.552,0.003,-0.019
0.553,-0.003,0.04
0.554,-0.017,0.247
0.555,-0.032,0.212
0.556,-0.048,0.136
0.557,-0.05,0.072
0.558,-0.049,0.054
0.559,-0.039,0.117
0.56,-0.029,0.061
0.561,-0.009,0.016
0.562,0.026,-0.054
0.563,0.048,-0.093
0.564,0.074,-0.035
0.565,0.077,-0.105
0.566,0.073,-0.19
0.567,0.076,0.029
0.568,0.071,0.319
0.569,0.048,0.204
0.57,0.02,0.018
0.571,0.012,-0.055
0.572,0.01,-0.124
0.573,0.004,-0.088
0.574,-0.002,-0.036
0.575,-0.015,-0.088
0.576,-0.024,-0.165
0.577,-0.027,-0.111
0.578,-0.026,-0.118
0.579,-0.018,-0.25
0.58,-0.017,-0.41
0.581,-0.01,-0.321
0.582,-0.002,-0.009
0.583,0.016,0.198
0.584,0.025,0.185
0.585,0.001,-0.005
0.586,-0.033,-0.013
0.587,-0.043,0.048
0.588,-0.033,0.292
0.589,-0.039,0.454
0.59,-0.035,0.315
0.591,-0.01,0.166
0.592,0.006,0.083
0.593,0.012,0.235
0.594,0.021,0.274
0.595,0.018,0.155
0.596,0.009,0.09
0.597,0.008,0.038
0.598,-0.001,0.002
0.599,0.0,-0.015
0.6,0.002,-0.021
0.601,-0.002,-0.012
0.602,-0.009,-0.017
0.603,-0.015,-0.004
0.604,-0.018,-0.005
0.605,-0.034,-0.003
0.606,-0.034,-0.021
0.607,-0.028,-0.02
0.608,-0.015,-0.039
0.609,-0.007,-0.063
0.61,-0.004,-0.071
0.611,0.024,-0.061
0.612,0.063,-0.076
0.613,0.053,-0.094
0.614,0.042,-0.082
0.615,0.055,-0.033
0.616,0.053,-0.01
0.617,0.034,0.016
0.618,0.022,0.017
0.619,0.016,0.016
0.62,0.012,0.017
1.52,1.214,0.014
1.521,1.143,0.143
1.522,0.739,0.125
1.523,-0.261,0.079
1.524,-1.344,0.094
1.525,-2.179,0.002
1.526,-2.562,-0.008
1.527,-2.398,-0.003
1.528,-2.105,0.007
1.529,-1.532,-0.01
1.53,-1.064,0.005
1.531,-0.903,0.077
1.532,-1.04,0.083
1.533,-1.507,0.036
1.534,-2.149,-0.011
1.535,-3.058,-0.004
1.536,-3.255,0.02
1.537,-3.253,0.017
1.538,-3.254,0.003
1.539,-3.255,0.026
1.54,-3.256,0.023
1.541,-3.256,0.041
1.542,-3.107,0.065
1.543,-2.915,0.067
1.544,-2.736,0.0
1.545,-2.569,-0.026
1.546,-2.414,0.027
1.547,-2.267,-0.001
1.548,-2.129,-0.026
1.549,-1.959,-0.012
1.55,-1.803,-0.024
1.551,-1.778,-0.027
1.552,-1.672,-0.024
1.553,-1.574,-0.042
1.554,-1.481,-0.127
1.555,-1.394,-0.186
1.556,-1.311,-0.176
1.557,-1.234,-0.211
1.558,-1.161,-0.216
1.559,-1.093,-0.079
1.56,-1.029,-0.077
1.561,-0.969,-0.158
1.562,-0.912,-0.093
1.563,-0.859,0.056
1.564,-0.809,0.037
1.565,-0.762,-0.065
1.566,-0.718,0.018
1.567,-0.677,-0.05
1.568,-0.638,-0.175
1.569,-0.6,-0.065
1.57,-0.565,0.103
1.571,-0.532,0.271
1.572,-0.501,0.377
1.573,-0.473,0.369
1.574,-0.445,0.293
1.575,-0.419,0.249
1.576,-0.395,0.131
1.577,-0.373,0.016
1.578,-0.351,-0.014
1.579,-0.331,-0.03
1.58,-0.312,0.021
1.581,-0.295,-0.07
1.582,-0.278,0.03
1.583,-0.262,0.202
1.584,-0.247,0.109
1.585,-0.233,0.013
1.586,-0.22,-0.065
1.587,-0.207,-0.143
1.588,-0.195,-0.134
1.589,-0.183,-0.125
1.59,-0.174,-0.224
1.591,-0.165,-0.294
1.592,-0.155,-0.293
1.593,-0.146,-0.357
1.594,-0.138,-0.473
1.595,-0.13,-0.317
1.596,-0.123,-0.37
1.597,-0.117,-0.618
1.598,-0.109,-0.388
1.599,-0.103,0.333
1.6,-0.097,0.834
1.601,-0.092,0.64
1.602,-0.087,0.514
1.603,-0.082,0.331
1.604,-0.077,0.299
1.605,-0.073,0.427
1.606,-0.069,0.411
1.607,-0.067,0.309
1.608,-0.062,-0.028
1.609,-0.059,-0.076
1.61,-0.055,0.006
1.611,-0.052,-0.029
1.612,0.218,-0.244
1.613,1.079,-0.297
1.614,1.867,-0.248
1.615,2.351,-0.22
1.616,2.686,-0.04
1.617,2.678,-0.193
1.618,2.424,-0.278
1.619,1.898,-0.266
1.62,1.178,-0.27
2.46,-0.025,-0.008
2.461,-0.011,-0.011
2.462,0.002,-0.014
2.463,0.015,-0.015
2.464,0.021,-0.013
2.465,0.01,-0.022
2.466,0.008,-0.035
2.467,0.007,-0.037
2.468,0.006,-0.025
2.469,0.002,-0.019
2.47,-0.006,-0.02
2.471,-0.011,-0.015
2.472,-0.015,-0.005
2.473,-0.011,-0.007
2.474,0.002,-0.009
2.475,0.0,-0.009
2.476,0.0,-0.002
2.477,0.024,0.003
2.478,0.022,0.001
2.479,0.03,-0.002
2.48,0.062,-0.002
2.481,0.086,-0.002
2.482,0.072,-0.001
2.483,0.047,0.005
2.484,0.039,0.0
2.485,0.029,0.002
2.486,0.033,0.0
2.487,0.029,-0.002
2.488,0.024,-0.002
2.489,-0.002,-0.01
2.49,-0.017,-0.005
2.491,-0.005,0.001
2.492,-0.002,0.008
2.493,-0.002,0.007
2.494,-0.006,0.003
2.495,-0.017,-0.001
2.496,-0.022,0.003
2.497,-0.009,0.001
2.498,-0.015,-0.001
2.499,-0.013,-0.016
2.5,-0.009,-0.041
2.501,-0.005,-0.056
2.502,-0.017,-0.065
2.503,-0.013,-0.062
2.504,0.004,-0.066
2.505,0.018,0.001
2.506,0.026,0.04
2.507,0.019,0.051
2.508,0.004,0.074
2.509,-0.011,-0.01
2.51,-0.009,0.003
2.511,-0.004,0.153
2.512,-0.002,0.144
2.513,-0.003,0.068
2.514,-0.002,0.111
2.515,-0.008,0.05
2.516,-0.017,0.028
2.517,-0.014,0.007
2.518,-0.007,-0.011
2.519,-0.004,-0.012
2.52,-0.002,-0.047
2.521,0.0,-0.074
2.522,0.003,-0.113
2.523,0.013,-0.107
2.524,0.02,-0.079
2.525,0.029,0.003
2.526,0.02,-0.006
2.527,0.01,0.025
2.528,0.131,0.132
2.529,1.036,0.106
2.53,2.81,0.074
2.531,3.228,0.055
2.532,2.983,-0.053
2.533,2.828,-0.094
2.534,2.65,-0.055
2.535,2.484,0.03
2.536,2.328,0.035
2.537,2.183,-0.024
2.538,2.049,0.003
2.539,1.923,0.066
2.54,1.805,0.057
2.541,1.695,0.023
2.542,1.591,0.067
2.543,1.494,0.084
2.544,1.404,0.084
2.545,1.319,0.025
2.546,1.241,0.005
2.547,1.167,-0.015
2.548,1.099,-0.007
2.549,1.036,0.027
2.55,0.975,0.067
2.551,0.919,0.007
2.552,0.866,-0.023
2.553,0.816,-0.031
2.554,0.769,-0.053
2.555,0.725,-0.065
2.556,0.683,-0.076
2.557,0.645,-0.083
2.558,0.607,-0.091
2.559,0.573,-0.103
2.56,0.539,-0.132
2.561,0.51,-0.084
2.562,0.481,-0.04
2.563,0.453,-0.06
2.564,0.427,-0.034
2.565,0.403,-0.047
2.566,0.381,-0.109
2.567,0.36,-0.081
2.568,0.339,0.008
2.569,0.32,-0.057
2.57,0.302,-0.129
2.571,0.285,-0.023
2.572,0.27,0.17
2.573,0.254,0.21
2.574,0.241,0.179
2.575,0.228,0.112
2.576,0.215,0.112
2.577,0.203,0.228
2.578,0.191,0.107
2.579,0.182,-0.023
2.58,0.171,-0.186
2.581,0.162,-0.27
2.582,0.154,-0.078
2.583,0.145,0.184
2.584,0.136,0.196
2.585,0.129,0.137
2.586,0.123,0.154
2.587,0.116,0.059
2.588,0.111,0.034
2.589,0.105,0.092
2.59,0.099,0.048
2.591,0.093,-0.112
2.592,0.089,-0.107
2.593,0.085,0.0
2.594,0.08,0.095
2.595,0.076,0.064
2.596,0.072,0.048
2.597,0.069,0.071
2.598,0.065,-0.025
2.599,0.061,0.001
2.6,0.059,0.006
2.601,0.057,-0.034
2.602,0.054,-0.036
2.603,0.051,-0.019
2.604,0.049,-0.027
2.605,0.046,-0.034
2.606,0.044,-0.032
2.607,0.043,-0.039
2.608,0.041,-0.039
2.609,0.039,-0.008
2.61,0.037,-0.029
2.611,0.035,-0.182
2.612,0.034,-0.256
2.613,0.033,-0.163
2.614,0.031,-0.061
2.615,0.029,-0.072
2.616,-0.229,-0.052
2.617,-0.736,0.031
2.618,-1.119,0.054
2.619,-1.477,0.006
2.62,-1.819,-0.007
2.621,-2.106,0.106
2.622,-2.388,-0.016
2.623,-2.615,-0.274
2.624,-2.84,-0.376
2.625,-3.016,-0.287
2.626,-3.181,-0.191
2.627,-3.232,-0.111
2.628,-3.232,-0.07
2.629,-3.232,0.148
2.63,-3.232,0.285
2.631,-3.232,0.245
2.632,-3.232,0.14
2.633,-3.232,-0.112
2.634,-3.232,-0.177
2.635,-3.23,-0.175
2.636,-3.23,0.009
2.637,-3.231,0.131
2.638,-3.224,0.06
2.639,-2.971,0.005
2.64,-2.792,0.054
2.641,-2.625,0.27
2.642,-2.468,0.301
2.643,-2.32,0.067
2.644,-2.183,0.021
2.645,-2.054,0.055
2.646,-1.933,0.37
2.647,-1.819,0.338
2.648,-1.711,0.171
2.649,-1.61,0.195
2.65,-1.516,0.051
2.651,-1.427,0.13
2.652,-1.343,-0.028
2.653,-1.264,-0.111
2.654,-1.189,-0.196
2.655,-1.12,-0.142
2.656,-1.055,-0.039
2.657,-0.993,-0.114
2.658,-0.935,-0.077
2.659,-0.88,0.01
2.66,-0.829,0.047
2.661,-0.781,0.264
2.662,-0.736,0.159
2.663,-0.693,-0.006
2.664,-0.652,0.008
2.665,-0.614,-0.115
2.666,-0.579,-0.113
2.667,-0.546,-0.013
2.668,-0.514,-0.085
2.669,-0.484,-0.013
2.67,-0.456,0.039
2.671,-0.43,-0.041
2.672,-0.405,-0.008
2.673,-0.382,-0.161
2.674,-0.361,-0.114
2.675,-0.34,-0.094
2.676,-0.32,-0.09
2.677,-0.302,-0.247
2.678,-0.284,-0.241
2.679,-0.268,0.017
2.68,-0.252,0.03
2.681,-0.238,-0.049
2.682,-0.224,-0.073
2.683,-0.212,-0.078
2.684,-0.2,-0.032
2.685,-0.188,0.011
2.686,-0.177,-0.006
2.687,-0.168,0.075
2.688,-0.159,0.062
2.689,-0.15,-0.034
2.69,-0.141,0.138
2.691,-0.133,0.235
2.692,-0.126,0.388
2.693,-0.118,0.477
2.694,-0.112,0.214
2.695,-0.106,-0.108
2.696,-0.1,-0.306
2.697,-0.094,-0.396
2.698,-0.09,-0.277
2.699,-0.084,0.047
2.7,-0.08,0.237
2.701,-0.076,0.129
2.702,-0.071,0.206
2.703,-0.068,0.286
2.704,-0.064,-0.017
2.705,-0.06,-0.125
2.706,-0.056,-0.176
2.707,-0.053,-0.134
2.708,-0.05,-0.197
2.709,-0.048,-0.196
2.71,-0.046,0.011
2.711,-0.043,0.099
2.712,-0.04,-0.028
2.713,-0.039,-0.147
2.714,-0.037,-0.09
2.715,-0.035,-0.03
2.716,-0.033,0.062
2.717,-0.03,-0.079
2.718,-0.029,-0.137
2.719,-0.027,-0.235
2.72,-0.026,-0.493
2.721,-0.025,-0.571
2.722,-0.023,-0.096
2.723,-0.021,0.912
2.724,-0.021,1.205
2.725,-0.021,0.666
2.726,-0.019,0.651
2.727,-0.017,0.428
2.728,-0.017,0.274
2.729,-0.017,0.171
2.73,-0.016,-0.011
2.731,-0.015,-0.057
2.732,-0.014,-0.143
2.733,-0.013,-0.186
2.734,-0.012,-0.24
2.735,-0.012,-0.216
2.736,-0.012,-0.274
2.737,-0.01,-0.293
2.738,-0.01,-0.258
2.739,-0.01,-0.203
2.74,-0.009,-0.172
3.54,0.023,0.008
3.541,0.008,0.007
3.542,0.018,-0.037
3.543,-0.056,-0.06
3.544,-0.152,-0.054
3.545,-0.179,-0.056
3.546,-0.186,-0.061
3.547,-0.121,-0.041
3.548,-0.091,-0.008
3.549,-0.058,0.033
3.55,0.057,0.006
3.551,0.168,-0.043
3.552,0.175,-0.033
3.553,0.093,-0.085
3.554,0.045,-0.049
3.555,0.106,0.035
3.556,0.144,0.042
3.557,0.052,0.042
3.558,0.011,0.091
3.559,0.049,0.212
3.56,0.06,0.207
3.561,0.05,0.101
3.562,0.021,0.091
3.563,0.045,0.111
3.564,0.036,0.091
3.565,0.024,0.066
3.566,0.045,0.016
3.567,0.086,0.028
3.568,0.086,0.087
3.569,-0.007,0.043
3.57,-0.018,-0.03
3.571,0.004,-0.086
3.572,0.023,-0.11
3.573,0.059,-0.066
3.574,0.113,-0.067
3.575,0.062,-0.075
3.576,-0.021,-0.064
3.577,0.03,0.0
3.578,0.032,0.102
3.579,0.013,0.082
3.58,-0.001,-0.002
3.581,0.001,-0.005
3.582,-0.014,-0.001
3.583,0.017,-0.013
3.584,0.291,-0.078
3.585,0.999,-0.08
3.586,1.614,-0.05
3.587,1.827,-0.023
3.588,2.023,-0.051
3.589,2.332,-0.058
3.59,2.646,0.061
3.591,2.688,0.15
3.592,2.518,0.091
3.593,2.36,-0.048
3.594,2.213,-0.119
3.595,2.077,-0.138
3.596,1.949,-0.086
3.597,1.829,-0.054
3.598,1.718,-0.091
3.599,1.613,-0.052
3.6,1.516,0.012
3.601,1.424,0.113
3.602,1.337,0.2
3.603,1.257,0.057
3.604,1.181,-0.126
3.605,1.111,-0.049
3.606,1.044,0.17
3.607,0.981,0.249
3.608,0.922,0.1
3.609,0.867,0.084
3.61,0.815,0.051
3.611,0.768,0.009
3.612,0.721,-0.009
3.613,0.679,-0.059
3.614,0.64,-0.054
3.615,0.603,-0.053
3.616,0.568,-0.082
3.617,0.535,-0.014
3.618,0.505,0.053
3.619,0.477,0.108
3.62,0.449,0.046
3.621,0.423,-0.047
3.622,0.399,-0.021
3.623,0.377,-0.07
3.624,0.356,-0.078
3.625,0.336,-0.004
3.626,0.316,-0.02
3.627,0.299,-0.021
3.628,0.282,0.011
3.629,0.266,-0.015
3.63,0.251,-0.051
3.631,0.237,-0.08
3.632,0.225,-0.101
3.633,0.212,-0.109
3.634,0.2,-0.021
3.635,0.189,0.046
3.636,0.179,0.026
3.637,0.169,-0.048
3.638,0.159,-0.134
3.639,0.151,-0.108
3.64,0.143,-0.018
3.641,0.136,-0.034
3.642,0.128,-0.195
3.643,0.122,-0.169
3.644,0.115,0.02
3.645,0.109,0.077
3.646,0.103,0.053
3.647,0.098,0.089
3.648,0.093,-0.011
3.649,0.088,0.152
3.65,0.083,0.186
3.651,0.079,0.058
3.652,0.075,-0.039
3.653,0.072,0.061
3.654,0.068,0.148
3.655,0.065,-0.03
3.656,-0.07,0.062
3.657,-0.391,0.048
3.658,-0.436,0.224
3.659,-0.103,0.223
3.66,0.134,0.036
3.661,0.125,0.108
3.662,0.118,0.057
3.663,0.11,-0.007
3.664,0.103,-0.022
3.665,0.097,-0.001
3.666,0.091,-0.094
3.667,0.085,-0.185
3.668,0.076,-0.113
3.669,-0.202,-0.074
3.67,-1.1,-0.083
3.671,-2.073,-0.102
3.672,-2.776,-0.162
3.673,-3.252,-0.122
3.674,-3.257,-0.031
3.675,-3.257,0.045
3.676,-3.257,0.056
3.677,-2.87,0.108
3.678,-2.077,0.148
3.679,-1.028,0.135
3.68,-0.22,0.013
3.681,0.383,-0.147
3.682,0.834,-0.219
3.683,1.019,-0.159
3.684,0.922,-0.107
3.685,0.567,0.032
3.686,0.188,0.007
3.687,-0.449,-0.089
3.688,-0.887,-0.128
3.689,-0.951,-0.128
3.69,-1.045,0.116
3.691,-0.966,0.054
3.692,-0.678,0.017
3.693,-0.315,0.111
3.694,0.109,0.232
3.695,0.645,0.206
3.696,0.927,0.149
3.697,0.938,0.056
3.698,1.136,-0.029
3.699,1.209,0.048
3.7,0.902,-0.041
3.701,0.341,-0.119
3.702,-0.599,-0.081
3.703,-1.696,-0.103
3.704,-2.929,-0.103
3.705,-3.252,-0.15
3.706,-3.251,-0.102
3.707,-3.251,0.046
3.708,-3.251,-0.123
3.709,-3.253,-0.212
3.71,-3.251,-0.054
3.711,-3.252,-0.115
3.712,-3.252,-0.069
3.713,-3.252,-0.064
3.714,-3.198,0.027
3.715,-2.963,-0.095
3.716,-2.785,0.026
3.717,-2.617,0.26
3.718,-2.461,-0.02
3.719,-2.314,0.091
3.72,-2.177,0.183
4.64,2.419,0.041
4.641,2.269,0.034
4.642,2.127,-0.003
4.643,1.997,-0.039
4.644,1.877,-0.072
4.645,1.765,-0.065
4.646,1.661,-0.062
4.647,1.564,-0.045
4.648,1.473,-0.004
4.649,1.386,0.001
4.65,1.306,0.03
4.651,1.23,0.025
4.652,1.16,0.026
4.653,1.093,0.026
4.654,1.028,-0.015
4.655,0.969,-0.031
4.656,0.914,-0.048
4.657,0.862,-0.049
4.658,0.812,-0.005
4.659,0.765,0.013
4.66,0.722,0.023
4.661,0.68,0.016
4.662,0.64,0.007
4.663,0.604,-0.007
4.664,0.57,-0.044
4.665,0.537,-0.036
4.666,0.507,-0.088
4.667,0.479,-0.172
4.668,0.451,-0.172
4.669,0.426,-0.054
4.67,0.401,0.029
4.671,0.379,-0.004
4.672,0.357,0.028
4.673,0.337,0.02
4.674,0.318,0.027
4.675,0.301,0.15
4.676,0.283,0.187
4.677,0.268,0.103
4.678,0.253,0.009
4.679,0.239,0.013
4.68,0.226,0.005
4.681,0.214,-0.01
4.682,0.202,-0.094
4.683,0.19,-0.1
4.684,0.18,-0.002
4.685,0.171,0.124
4.686,0.161,0.046
4.687,0.153,0.007
4.688,0.145,-0.009
4.689,0.137,-0.003
4.69,0.129,-0.023
4.691,0.122,-0.112
4.692,0.115,-0.085
4.693,0.11,-0.098
4.694,0.104,-0.102
4.695,0.098,-0.003
4.696,0.093,0.039
4.697,0.089,-0.019
4.698,0.084,-0.03
4.699,0.08,0.046
4.7,0.075,0.224
4.701,0.072,0.108
4.702,0.068,0.055
4.703,0.065,0.078
4.704,-0.083,0.073
4.705,-0.521,0.087
4.706,-0.893,0.038
4.707,-1.186,0.064
4.708,-1.386,-0.011
4.709,-1.254,-0.02
4.71,-0.922,-0.054
4.711,-0.436,-0.069
4.712,0.334,-0.037
4.713,0.487,-0.019
4.714,0.42,-0.019
4.715,0.426,-0.017
4.716,0.397,-0.031
4.717,0.37,-0.037
4.718,0.346,-0.012
4.719,0.324,-0.043
4.72,0.303,-0.102
4.721,0.06,-0.084
4.722,-0.55,0.039
4.723,-1.235,0.007
4.724,-1.893,-0.077
4.725,-2.477,-0.028
4.726,-2.689,-0.044
4.727,-2.686,-0.036
4.728,-2.437,-0.064
4.729,-1.838,0.038
4.73,-1.369,-0.033
4.731,-1.048,-0.196
4.732,-0.758,-0.158
4.733,-0.661,-0.128
4.734,-0.539,-0.181
4.735,-0.801,-0.228
4.736,-1.295,-0.081
4.737,-1.892,0.057
4.738,-2.368,0.234
4.739,-2.63,0.313
4.74,-3.054,0.241
4.741,-3.253,0.097
4.742,-3.252,-0.013
4.743,-3.048,0.026
4.744,-2.524,0.007
4.745,-1.528,0.008
4.746,-0.301,0.106
4.747,0.713,0.222
4.748,1.623,0.249
4.749,2.258,0.232
4.75,2.693,0.172
4.751,2.685,0.039
4.752,2.509,0.04
4.753,2.204,-0.011
4.754,1.515,0.054
4.755,0.667,0.091
4.756,-0.265,0.088
4.757,-1.451,0.117
4.758,-2.493,0.074
4.759,-3.126,-0.025
4.76,-3.25,-0.093
5.78,0.615,-0.133
5.781,0.562,-0.108
5.782,0.539,-0.059
5.783,0.502,0.008
5.784,0.469,0.103
5.785,0.439,0.119
5.786,0.411,0.109
5.787,0.383,0.047
5.788,0.359,-0.012
5.789,0.336,0.089
5.79,0.315,0.101
5.791,0.294,-0.016
5.792,0.276,0.077
5.793,0.258,0.264
5.794,0.242,0.315
5.795,0.227,0.061
5.796,0.212,-0.069
5.797,0.2,0.072
5.798,0.187,0.335
5.799,0.176,0.276
5.8,0.165,0.065
5.801,0.155,0.017
5.802,0.146,-0.093
5.803,-0.027,-0.103
5.804,-0.706,-0.227
5.805,-1.402,-0.208
5.806,-1.828,-0.08
5.807,-2.397,0.015
5.808,-2.71,0.062
5.809,-2.438,0.045
5.81,-1.826,0.02
5.811,-1.416,-0.037
5.812,-0.632,-0.124
5.813,0.648,-0.116
5.814,1.095,-0.069
5.815,1.022,0.112
5.816,0.956,0.226
5.817,0.893,0.253
5.818,0.835,0.202
5.819,0.781,0.069
5.82,0.729,0.02
5.821,0.684,0.011
5.822,0.638,-0.002
5.823,0.598,-0.001
5.824,0.56,-0.03
5.825,0.524,-0.035
5.826,0.491,-0.039
5.827,0.46,-0.041
5.828,0.431,-0.04
5.829,0.356,-0.042
5.83,-0.065,-0.072
5.831,-0.601,-0.11
5.832,-0.983,-0.131
5.833,-1.392,-0.123
5.834,-1.728,-0.046
5.835,-2.053,-0.04
5.836,-2.333,-0.156
5.837,-2.592,-0.183
5.838,-2.819,-0.134
5.839,-3.018,-0.146
5.84,-3.187,-0.178
5.841,-3.233,-0.125
5.842,-3.233,-0.025
5.843,-3.233,0.286
5.844,-3.233,0.295
5.845,-3.232,0.134
5.846,-3.232,0.237
5.847,-3.232,0.042
5.848,-3.23,-0.027
5.849,-3.23,-0.028
5.85,-3.231,-0.042
5.851,-3.076,0.069
5.852,-2.89,0.14
5.853,-2.716,0.109
5.854,-2.553,0.013
5.855,-2.401,-0.005
5.856,-2.258,0.013
5.857,-2.124,0.103
5.858,-1.998,0.043
5.859,-1.88,-0.015
5.86,-1.769,0.015
5.861,-1.664,0.071
5.862,-1.566,0.04
5.863,-1.474,-0.074
5.864,-1.388,-0.143
5.865,-1.307,-0.156
5.866,-1.23,-0.169
5.867,-1.158,-0.194
5.868,-1.089,-0.285
5.869,-1.027,-0.273
5.87,-0.967,0.007
5.871,-0.909,0.14
5.872,-0.856,-0.042
5.873,-0.807,-0.19
5.874,-0.761,-0.185
5.875,-0.716,-0.229
5.876,-0.674,-0.164
5.877,-0.635,0.058
5.878,-0.599,0.186
5.879,-0.564,0.025
5.88,-0.531,0.017
5.881,-0.482,0.218
5.882,-0.416,0.253
5.883,-0.448,0.191
5.884,-0.422,0.063
5.885,-0.398,0.105
5.886,-0.375,0.231
5.887,-0.354,0.229
5.888,-0.333,0.154
5.889,-0.314,0.165
5.89,-0.297,0.063
5.891,-0.28,0.028
5.892,-0.263,0.037
5.893,-0.248,-0.109
5.894,-0.233,-0.21
5.895,-0.219,-0.254
5.896,-0.207,-0.275
5.897,-0.196,-0.304
5.898,-0.185,-0.269
5.899,-0.174,0.123
5.9,-0.165,0.513
5.901,-0.156,0.439
5.902,-0.147,0.431
5.903,-0.139,0.442
5.904,-0.131,0.302
5.905,-0.123,0.212
5.906,-0.116,0.119
5.907,-0.11,-0.051
5.908,-0.103,-0.147
5.909,-0.098,-0.256
5.91,-0.092,-0.257
5.911,-0.087,-0.288
5.912,-0.082,-0.161
5.913,-0.078,0.047
5.914,-0.074,0.117
5.915,-0.07,0.146
5.916,-0.066,0.206
5.917,-0.062,0.051
5.918,-0.06,-0.1
5.919,-0.056,-0.166
5.92,-0.052,-0.246
5.921,-0.05,-0.113
5.922,-0.048,-0.057
5.923,-0.045,-0.061
5.924,-0.042,0.09
5.925,-0.039,0.178
5.926,-0.038,-0.08
5.927,-0.036,-0.025
5.928,-0.033,-0.08
5.929,-0.033,-0.067
5.93,-0.031,-0.028
5.931,-0.029,-0.108
5.932,-0.027,-0.201
5.933,-0.025,-0.326
5.934,-0.024,-0.429
5.935,-0.024,-0.171
5.936,-0.023,0.085
5.937,-0.02,-0.054
5.938,-0.019,0.094
5.939,-0.018,0.143
5.94,-0.017,0.086
6.88,1.575,0.141
6.881,1.509,0.145
6.882,1.41,-0.003
6.883,1.318,-0.183
6.884,1.233,-0.192
6.885,1.154,-0.104
6.886,0.681,0.025
6.887,-0.615,0.014
6.888,-1.955,-0.03
6.889,-2.972,0.021
6.89,-3.258,0.242
6.891,-3.257,0.43
6.892,-3.256,0.288
6.893,-3.256,0.182
6.894,-3.257,0.113
6.895,-3.257,0.074
6.896,-3.258,0.042
6.897,-2.916,0.043
6.898,-2.537,0.045
6.899,-2.453,0.113
6.9,-2.559,0.145
6.901,-3.07,0.076
6.902,-3.044,0.024
6.903,-2.848,-0.021
6.904,-2.688,-0.049
6.905,-2.527,-0.037
6.906,-2.375,-0.035
6.907,-2.233,-0.035
6.908,-2.1,-0.021
6.909,-1.976,-0.016
6.91,-1.859,-0.022
6.911,-1.749,-0.06
6.912,-1.646,-0.114
6.913,-1.548,-0.172
6.914,-1.313,-0.217
6.915,-1.017,-0.228
6.916,-0.956,-0.244
6.917,-1.006,-0.25
6.918,-1.102,-0.13
6.919,-1.139,-0.053
6.92,-1.072,-0.051
6.921,-1.01,-0.052
6.922,-0.95,-0.09
6.923,-0.895,-0.097
6.924,-0.842,-0.249
6.925,-0.793,-0.164
6.926,-0.747,-0.03
6.927,-0.571,0.045
6.928,0.185,0.282
6.929,1.184,0.284
6.93,1.749,0.222
6.931,1.912,0.367
6.932,1.777,0.164
6.933,1.583,0.027
6.934,0.973,0.054
6.935,-0.053,0.003
6.936,-0.929,0.18
6.937,-1.224,0.155
6.938,-1.142,0.003
6.939,-1.072,-0.158
6.94,-0.997,-0.163
6.941,-0.932,-0.153
6.942,-0.87,-0.236
6.943,-0.814,-0.382
6.944,-0.761,-0.215
6.945,-0.713,-0.006
6.946,-0.668,-0.026
6.947,-0.627,0.012
6.948,-0.589,0.175
6.949,-0.554,0.365
6.95,-0.521,0.346
6.951,-0.491,0.176
6.952,-0.462,0.233
6.953,-0.434,0.254
6.954,-0.409,0.141
6.955,-0.386,0.115
6.956,-0.363,0.039
6.957,-0.341,-0.022
6.958,-0.322,-0.066
6.959,-0.303,-0.057
6.96,-0.286,-0.022
6.961,-0.269,0.0
6.962,-0.254,-0.051
6.963,-0.239,-0.104
6.964,-0.225,-0.168
6.965,-0.213,-0.199
6.966,-0.2,-0.286
6.967,-0.188,-0.406
6.968,-0.178,-0.304
6.969,-0.168,-0.211
6.97,-0.159,-0.271
6.971,-0.148,-0.199
6.972,-0.14,-0.043
6.973,-0.132,0.067
6.974,-0.125,0.155
6.975,-0.118,0.415
6.976,-0.111,0.414
6.977,-0.105,0.105
6.978,-0.1,-0.056
6.979,-0.093,-0.025
6.98,-0.088,-0.101
6.981,-0.083,-0.197
6.982,-0.078,0.001
6.983,-0.073,0.064
6.984,-0.07,0.214
6.985,-0.065,0.224
6.986,-0.062,0.279
6.987,-0.059,0.046
6.988,-0.056,-0.155
6.989,-0.053,0.005
6.99,-0.05,0.129
6.991,-0.047,0.259
6.992,-0.043,0.254
6.993,-0.041,-0.043
6.994,-0.039,-0.172
6.995,-0.037,-0.28
6.996,-0.034,-0.449
6.997,-0.033,-0.394
6.998,-0.03,-0.416
6.999,-0.03,-0.23
7.0,-0.028,0.512
0.52,0.034,0.0
0.521,0.019,-0.037
0.522,0.023,-0.051
0.523,0.019,-0.045
0.524,0.007,-0.022
0.525,-0.009,-0.001
0.526,-0.023,-0.018
0.527,-0.014,0.006
0.528,-0.005,0.019
0.529,-0.008,0.025
0.53,-0.005,0.029
0.531,-0.001,0.044
0.532,-0.007,0.056
0.533,-0.014,0.068
0.534,-0.014,0.064
0.535,-0.022,0.054
0.536,-0.013,0.066
0.537,-0.005,0.046
0.538,-0.002,-0.029
0.539,0.01,-0.097
0.54,0.027,-0.092
0.541,0.045,-0.036
0.542,0.039,-0.011
0.543,0.018,0.0
0.544,0.009,0.009
0.545,-0.007,-0.016
0.546,-0.015,-0.04
0.547,0.001,-0.043
0.548,0.014,0.011
0.549,0.012,0.028
0.55,0.006,0.007
0.551,0.004,0.017
0.552,0.005,0.002
0.553,0.004,0.008
0.554,0.003,0.008
0.555,-0.005,0.021
0.556,-0.014,0.031
0.557,-0.019,0.049
0.558,-0.02,0.056
0.559,-0.021,0.042
0.56,-0.011,0.033
0.561,-0.002,0.006
0.562,0.012,-0.054
0.563,0.02,-0.101
0.564,0.031,-0.086
0.565,0.042,-0.039
0.566,0.025,0.01
0.567,0.011,0.028
0.568,0.012,0.03
0.569,0.012,0.025
0.57,0.014,0.021
0.571,0.013,0.018
0.572,0.008,0.01
0.573,0.007,0.008
0.574,0.004,0.006
0.575,0.002,0.003
0.576,-0.001,0.004
0.577,-0.001,0.001
0.578,0.0,0.003
0.579,-0.001,0.001
0.58,-0.007,-0.001
0.581,-0.008,0.0
0.582,0.0,0.004
0.583,-0.001,0.003
0.584,-0.006,0.002
0.585,-0.009,-0.003
0.586,-0.017,-0.009
0.587,-0.004,-0.002
0.588,0.01,0.004
0.589,0.014,0.003
0.59,0.013,0.001
0.591,0.014,0.001
0.592,0.01,0.0
0.593,0.008,0.0
0.594,0.009,0.0
0.595,0.006,0.001
0.596,0.009,0.003
0.597,0.013,0.005
0.598,0.011,0.005
0.599,0.012,0.003
0.6,0.007,0.002
0.601,0.007,0.002
0.602,0.009,0.004
0.603,0.009,0.003
0.604,0.003,0.002
0.605,-0.006,-0.004
0.606,-0.012,-0.008
0.607,-0.004,-0.003
0.608,0.008,0.001
0.609,0.008,0.002
0.61,0.011,0.001
0.611,0.01,0.001
0.612,0.001,0.0
0.613,-0.004,0.001
0.614,-0.012,0.001
0.615,-0.018,0.001
0.616,-0.014,0.001
0.617,-0.005,0.001
0.618,0.01,0.001
0.619,0.023,0.0
0.62,0.031,-0.001
0.621,0.031,-0.003
0.622,0.021,0.0
0.623,-0.001,0.0
0.624,-0.011,-0.001
0.625,-0.02,-0.006
0.626,-0.028,-0.012
0.627,-0.032,-0.007
0.628,-0.022,-0.001
0.629,-0.016,-0.002
0.63,-0.028,-0.002
0.631,-0.014,-0.003
0.632,0.004,-0.002
0.633,-0.006,0.0
0.634,-0.045,0.002
0.635,-0.058,0.002
0.636,-0.036,0.002
0.637,-0.002,0.002
0.638,0.029,0.0
0.639,0.044,0.001
0.64,0.07,0.0
0.641,0.078,-0.003
0.642,0.069,-0.004
0.643,0.062,-0.004
0.644,0.068,-0.005
0.645,0.047,-0.01
0.646,-0.017,-0.012
0.647,-0.045,-0.009
0.648,-0.07,-0.001
0.649,-0.114,0.0
0.65,-0.153,-0.001
0.651,-0.139,0.0
0.652,-0.068,0.0
0.653,0.012,0.001
0.654,0.08,0.0
0.655,0.077,-0.003
0.656,0.095,-0.005
0.657,0.097,-0.006
0.658,0.045,-0.007
0.659,0.005,-0.008
0.66,-0.017,-0.009
0.661,0.003,-0.007
0.662,0.015,-0.004
0.663,0.018,0.0
0.664,0.019,0.003
0.665,-0.013,0.001
0.666,-0.065,0.0
0.667,-0.036,0.003
0.668,0.007,0.008
0.669,0.07,0.005
0.67,0.091,0.003
0.671,0.086,-0.001
0.672,0.119,-0.003
0.673,0.104,-0.006
0.674,0.075,-0.007
0.675,0.066,-0.007
0.676,0.045,-0.005
0.677,0.029,-0.001
0.678,-0.007,0.0
0.679,-0.04,0.002
0.68,-0.096,0.001
2.62,-0.023,-0.921
2.621,-0.022,-1.186
2.622,-0.02,-1.106
2.623,-0.019,-1.13
2.624,-0.018,-1.057
2.625,-0.017,-0.837
2.626,-0.017,-0.749
2.627,-0.016,-0.437
2.628,-0.016,0.151
2.629,-0.014,0.464
2.63,-0.013,0.133
2.631,-0.013,0.024
2.632,-0.012,-0.235
2.633,-0.012,-0.39
2.634,-0.011,-0.475
2.635,-0.01,-0.54
2.636,-0.01,-0.685
2.637,-0.009,-0.829
2.638,-0.009,-0.869
2.639,-0.009,-0.992
2.64,-0.008,-0.907
2.641,-0.008,-0.825
2.642,-0.007,-0.846
2.643,-0.007,-0.624
2.644,-0.007,-0.467
2.645,-0.006,-0.628
2.646,-0.006,-0.291
2.647,-0.006,0.049
2.648,-0.006,-0.083
2.649,-0.004,-0.224
2.65,-0.004,-0.417
2.651,-0.004,-0.599
2.652,-0.004,-0.493
2.653,-0.004,-0.407
2.654,-0.003,-0.274
2.655,-0.004,-0.356
2.656,-0.004,-0.423
2.657,-0.003,-0.316
2.658,-0.002,-0.315
2.659,-0.003,-0.319
2.66,-0.003,-0.29
2.661,0.121,-0.356
2.662,0.429,-0.467
2.663,0.683,-0.53
2.664,0.919,-0.689
2.665,1.166,-0.621
2.666,1.383,-0.572
2.667,1.603,-0.255
2.668,1.775,-0.191
2.669,1.917,-0.476
2.67,2.028,-0.147
2.671,2.129,0.4
2.672,2.192,0.44
2.673,2.254,0.414
2.674,2.287,0.302
2.675,2.313,-0.023
2.676,2.331,-0.055
2.677,2.348,-0.202
2.678,2.369,-0.178
2.679,2.395,-0.203
2.68,2.41,-0.171
2.681,2.424,-0.149
2.682,2.424,-0.092
2.683,2.405,-0.129
2.684,2.389,-0.146
2.685,2.369,-0.196
2.686,2.349,-0.223
2.687,2.331,-0.227
2.688,2.295,-0.185
2.689,2.244,-0.144
2.69,2.191,-0.098
2.691,2.136,-0.068
2.692,2.083,-0.057
2.693,2.04,-0.065
2.694,2.0,-0.094
2.695,1.95,-0.078
2.696,1.904,-0.099
2.697,1.871,-0.11
2.698,1.828,-0.103
2.699,1.781,-0.055
2.7,1.722,0.015
2.701,1.662,0.077
2.702,1.603,0.074
2.703,1.546,0.055
2.704,1.495,0.056
2.705,1.422,0.04
2.706,1.35,-0.01
2.707,1.307,-0.023
2.708,1.272,0.007
2.709,1.219,0.023
2.71,1.157,0.017
2.711,1.093,0.019
2.712,1.031,0.02
2.713,0.988,0.033
2.714,0.931,0.054
2.715,0.883,0.075
2.716,0.832,0.083
2.717,0.774,0.091
2.718,0.72,0.072
2.719,0.676,0.033
2.72,0.628,0.005
2.721,0.565,-0.057
2.722,0.511,-0.096
2.723,0.473,-0.088
2.724,0.437,-0.072
2.725,0.405,-0.038
2.726,0.37,0.017
2.727,0.332,0.067
2.728,0.29,0.062
2.729,0.244,0.032
2.73,0.205,-0.02
2.731,0.171,0.011
2.732,0.137,0.069
2.733,0.097,0.07
2.734,0.061,0.072
2.735,0.017,0.078
2.736,-0.019,0.077
2.737,-0.05,0.073
2.738,-0.076,0.062
2.739,-0.098,0.047
2.74,-0.119,0.036
2.741,-0.153,0.03
2.742,-0.171,0.029
2.743,-0.186,0.07
2.744,-0.209,0.136
2.745,-0.24,0.117
2.746,-0.267,0.105
2.747,-0.278,0.098
2.748,-0.294,0.076
2.749,-0.298,0.074
2.75,-0.289,0.07
2.751,-0.307,0.06
2.752,-0.343,0.062
2.753,-0.368,0.068
2.754,-0.386,0.058
2.755,-0.39,0.055
2.756,-0.401,0.059
2.757,-0.421,0.049
2.758,-0.444,0.043
2.759,-0.459,0.04
2.76,-0.467,0.039
2.761,-0.464,0.043
2.762,-0.481,0.04
2.763,-0.494,0.042
2.764,-0.499,0.047
2.765,-0.509,0.052
2.766,-0.512,0.053
2.767,-0.515,0.05
2.768,-0.509,0.047
2.769,-0.51,0.043
2.77,-0.521,0.023
2.771,-0.524,0.003
2.772,-0.521,0.0
2.773,-0.506,0.018
2.774,-0.505,0.03
2.775,-0.503,0.025
2.776,-0.499,0.033
2.777,-0.503,0.04
2.778,-0.505,0.037
2.779,-0.51,0.034
2.78,-0.518,0.037
3.66,0.385,-0.393
3.661,0.052,-0.473
3.662,-1.117,-0.559
3.663,-1.536,-0.679
3.664,-1.347,-0.789
3.665,-1.344,-0.805
3.666,-1.255,-0.851
3.667,-1.175,-0.888
3.668,-1.097,-0.771
3.669,-1.03,-0.834
3.67,-0.96,-0.997
3.671,-0.898,-0.918
3.672,-0.84,-0.464
3.673,-0.786,-0.493
3.674,-0.734,-0.78
3.675,-0.688,-0.732
3.676,-0.643,-0.684
3.677,-0.602,-0.465
3.678,-0.564,-0.44
3.679,-0.528,-0.524
3.68,-0.494,-0.462
3.681,-0.463,-0.464
3.682,-0.433,-0.621
3.683,-0.406,-0.606
3.684,-0.38,-0.502
3.685,-0.356,-0.482
3.686,-0.334,-0.462
3.687,-0.312,-0.422
3.688,-0.292,-0.546
3.689,-0.273,-0.852
3.69,-0.256,-0.8
3.691,-0.24,-0.603
3.692,-0.224,-0.569
3.693,-0.21,-0.648
3.694,-0.197,-0.698
3.695,-0.185,-0.738
3.696,-0.174,-0.861
3.697,-0.162,-1.071
3.698,-0.151,-0.94
3.699,-0.141,-0.102
3.7,-0.134,0.284
3.701,-0.125,0.171
3.702,-0.117,0.187
3.703,-0.11,0.096
3.704,-0.104,0.046
3.705,-0.097,0.284
3.706,-0.091,-0.107
3.707,-0.085,-0.241
3.708,-0.08,-0.236
3.709,-0.076,-0.241
3.71,-0.07,-0.303
3.711,-0.066,-0.176
3.712,-0.062,0.145
3.713,-0.059,0.109
3.714,-0.054,0.075
3.715,-0.052,-0.084
3.716,-0.048,-0.103
3.717,-0.045,-0.172
3.718,-0.042,-0.301
3.719,-0.04,-0.374
3.72,-0.038,-0.308
3.721,0.054,-0.281
3.722,0.437,-0.301
3.723,0.833,-0.458
3.724,1.144,-0.364
3.725,1.48,-0.243
3.726,1.719,-0.313
3.727,1.964,-0.27
3.728,2.179,-0.21
3.729,2.399,-0.047
3.73,2.59,0.386
3.731,2.729,0.412
3.732,2.818,0.357
3.733,2.883,0.237
3.734,2.94,0.113
3.735,2.992,0.069
3.736,3.037,-0.06
3.737,3.077,-0.098
3.738,3.108,-0.161
3.739,3.129,-0.172
3.74,3.154,-0.133
3.741,3.174,-0.023
3.742,3.18,0.0
3.743,3.154,0.0
3.744,3.096,0.024
3.745,3.028,0.104
3.746,2.969,0.006
3.747,2.864,-0.103
3.748,2.693,-0.13
3.749,2.533,-0.217
3.75,2.384,-0.259
3.751,2.244,-0.157
3.752,2.111,-0.098
3.753,1.989,-0.027
3.754,1.873,0.045
3.755,1.763,0.06
3.756,1.66,0.067
3.757,1.563,0.076
3.758,1.473,0.067
3.759,1.388,0.059
3.76,1.307,0.111
3.761,1.232,0.058
3.762,1.16,-0.026
3.763,1.094,-0.083
3.764,1.032,-0.078
3.765,0.972,0.071
3.766,0.915,0.203
3.767,0.864,0.127
3.768,0.815,0.004
3.769,0.768,-0.01
3.77,0.724,-0.017
3.771,0.682,0.039
3.772,0.645,0.012
3.773,0.607,0.104
3.774,0.573,0.186
3.775,0.54,0.145
3.776,0.51,0.201
3.777,0.481,0.133
3.778,0.455,0.088
3.779,0.428,0.076
3.78,0.404,0.053
3.781,0.381,0.1
3.782,0.36,0.143
3.783,0.34,0.185
3.784,0.32,0.22
3.785,0.303,0.238
3.786,0.286,0.247
3.787,0.27,0.225
3.788,0.256,0.142
3.789,0.241,0.094
3.79,0.228,0.08
3.791,0.216,0.042
3.792,0.204,0.02
3.793,0.193,0.022
3.794,0.182,-0.11
3.795,0.172,-0.079
3.796,0.164,-0.078
3.797,0.155,0.029
3.798,0.146,-0.046
3.799,0.138,-0.034
3.8,0.131,0.022
3.801,0.124,0.022
3.802,0.117,0.065
3.803,0.111,0.066
3.804,0.105,0.09
3.805,0.1,0.072
3.806,0.096,0.101
3.807,0.09,0.108
3.808,0.085,0.123
3.809,0.068,0.116
3.81,0.056,0.12
3.811,0.033,0.058
3.812,0.024,0.042
3.813,0.027,0.011
3.814,0.025,0.043
3.815,0.004,0.066
3.816,-0.03,0.054
3.817,-0.058,0.066
3.818,-0.08,0.079
3.819,-0.11,0.073
3.82,-0.146,0.076
4.74,1.051,0.25
4.741,1.059,0.177
4.742,0.522,0.29
4.743,0.307,0.242
4.744,-0.037,0.06
4.745,0.018,0.008
4.746,0.404,-0.038
4.747,0.694,0.014
4.748,0.988,-0.158
4.749,1.241,-0.093
4.75,1.476,0.001
4.751,1.682,-0.081
4.752,1.861,-0.125
4.753,2.026,-0.18
4.754,2.164,-0.157
4.755,2.289,-0.101
4.756,2.404,-0.121
4.757,2.499,-0.294
4.758,2.579,-0.345
4.759,2.652,-0.532
4.76,2.723,-0.58
4.761,2.769,-0.387
4.762,2.817,-0.166
4.763,2.84,-0.14
4.764,2.84,-0.121
4.765,2.83,0.158
4.766,2.815,0.435
4.767,2.786,0.278
4.768,2.758,0.046
4.769,2.741,-0.012
4.77,2.712,-0.184
4.771,2.67,-0.145
4.772,2.631,-0.095
4.773,2.579,-0.003
4.774,2.517,0.244
4.775,2.457,0.343
4.776,2.324,0.067
4.777,2.187,0.238
4.778,2.058,0.561
4.779,1.939,0.279
4.78,1.826,0.084
4.781,1.719,0.05
4.782,1.619,-0.038
4.783,1.525,0.026
4.784,1.436,-0.064
4.785,1.353,0.019
4.786,1.276,-0.193
4.787,1.202,-0.2
4.788,1.132,-0.117
4.789,1.067,0.067
4.79,1.005,0.182
4.791,0.949,0.422
4.792,0.894,0.541
4.793,0.843,0.468
4.794,0.796,0.585
4.795,0.75,0.49
4.796,0.706,0.313
4.797,0.667,0.192
4.798,0.629,0.148
4.799,0.593,0.03
4.8,0.559,0.067
4.801,0.528,0.158
4.802,0.497,0.04
4.803,0.469,0.015
4.804,0.443,-0.062
4.805,0.418,-0.101
4.806,0.395,-0.17
4.807,0.372,-0.24
4.808,0.352,-0.323
4.809,0.332,-0.007
4.81,0.314,0.272
4.811,0.296,0.091
4.812,0.279,0.059
4.813,0.264,0.069
4.814,0.226,-0.021
4.815,0.202,-0.127
4.816,0.193,-0.178
4.817,0.203,-0.188
4.818,0.208,-0.191
4.819,0.196,-0.132
4.82,0.186,-0.077
4.821,0.158,-0.065
4.822,0.122,-0.004
4.823,0.076,-0.001
4.824,0.024,-0.095
4.825,0.004,-0.089
4.826,-0.007,-0.045
4.827,-0.034,0.034
4.828,-0.078,0.048
4.829,-0.12,0.002
4.83,-0.158,-0.1
4.831,-0.19,-0.089
4.832,-0.202,-0.067
4.833,-0.218,-0.123
4.834,-0.222,-0.17
4.835,-0.215,-0.224
4.836,-0.229,-0.033
4.837,-0.277,-0.005
4.838,-0.316,-0.066
4.839,-0.338,-0.175
4.84,-0.352,-0.263
4.841,-0.363,-0.28
4.842,-0.367,-0.082
4.843,-0.364,0.124
4.844,-0.381,0.333
4.845,-0.399,0.341
4.846,-0.411,0.005
4.847,-0.405,-0.03
4.848,-0.392,0.144
4.849,-0.395,0.469
4.85,-0.404,0.543
4.851,-0.438,0.504
4.852,-0.482,0.372
4.853,-0.521,0.284
4.854,-0.54,0.1
4.855,-0.546,-0.03
4.856,-0.559,0.013
4.857,-0.571,-0.106
4.858,-0.582,-0.062
4.859,-0.583,-0.067
4.86,-0.593,-0.06
4.861,-0.592,-0.072
4.862,-0.597,-0.056
4.863,-0.598,-0.039
4.864,-0.59,-0.023
4.865,-0.593,-0.04
4.866,-0.598,-0.041
4.867,-0.601,-0.036
4.868,-0.616,-0.043
4.869,-0.624,-0.047
4.87,-0.632,-0.096
4.871,-0.633,-0.154
4.872,-0.607,-0.114
4.873,-0.582,-0.026
4.874,-0.565,-0.078
4.875,-0.557,-0.094
4.876,-0.552,-0.059
4.877,-0.537,0.049
4.878,-0.519,0.174
4.879,-0.516,0.187
4.88,-0.524,0.169
4.881,-0.531,0.092
4.882,-0.54,0.073
4.883,-0.543,0.053
4.884,-0.55,0.01
4.885,-0.553,-0.003
4.886,-0.55,-0.014
4.887,-0.545,-0.002
4.888,-0.543,0.0
4.889,-0.542,0.017
4.89,-0.536,0.025
4.891,-0.53,0.037
4.892,-0.523,0.036
4.893,-0.513,0.033
4.894,-0.516,-0.001
4.895,-0.512,-0.047
4.896,-0.483,-0.069
4.897,-0.465,-0.064
4.898,-0.454,-0.046
4.899,-0.445,-0.023
4.9,-0.43,-0.003
4.901,-0.419,0.008
4.902,-0.421,0.002
4.903,-0.426,0.004
4.904,-0.422,0.003
4.905,-0.422,0.018
4.906,-0.425,0.008
4.907,-0.42,-0.002
4.908,-0.411,0.006
4.909,-0.408,0.003
4.91,-0.401,0.009
4.911,-0.395,0.006
4.912,-0.384,0.01
4.913,-0.376,0.009
4.914,-0.373,0.008
4.915,-0.363,0.008
4.916,-0.357,0.008
4.917,-0.356,0.007
4.918,-0.346,0.008
4.919,-0.335,0.01
4.92,-0.328,0.008
4.921,-0.318,0.008
4.922,-0.314,0.007
4.923,-0.308,0.007
4.924,-0.306,0.005
4.925,-0.308,0.0
4.926,-0.301,0.0
4.927,-0.289,0.0
4.928,-0.282,-0.002
4.929,-0.274,-0.001
4.93,-0.265,0.0
4.931,-0.259,0.002
4.932,-0.25,0.0
4.933,-0.24,-0.001
4.934,-0.234,0.004
4.935,-0.224,0.012
4.936,-0.222,0.015
4.937,-0.223,0.014
4.938,-0.214,0.009
4.939,-0.213,0.007
4.94,-0.208,0.003
4.941,-0.205,0.0
4.942,-0.198,0.0
4.943,-0.192,0.001
4.944,-0.186,0.001
4.945,-0.183,0.001
4.946,-0.178,0.002
4.947,-0.173,0.005
4.948,-0.166,0.005
4.949,-0.159,0.004
4.95,-0.154,0.003
4.951,-0.152,0.003
4.952,-0.146,0.006
4.953,-0.14,0.006
4.954,-0.138,0.009
4.955,-0.134,0.009
4.956,-0.133,0.004
4.957,-0.127,0.002
4.958,-0.128,0.001
4.959,-0.129,0.001
4.96,-0.127,0.0
4.961,-0.12,-0.001
4.962,-0.117,-0.001
4.963,-0.113,0.0
4.964,-0.108,0.0
4.965,-0.107,0.0
4.966,-0.1,0.0
4.967,-0.084,0.002
4.968,-0.072,0.001
4.969,-0.067,0.002
4.97,-0.067,0.001
4.971,-0.067,0.001
4.972,-0.068,0.0
4.973,-0.067,0.001
4.974,-0.069,-0.002
4.975,-0.068,0.0
4.976,-0.066,0.0
4.977,-0.064,0.0
4.978,-0.061,0.001
4.979,-0.062,0.002
4.98,-0.071,0.0
1.4,3.318,0.277
1.401,3.311,0.186
1.402,3.283,0.049
1.403,3.249,0.068
1.404,3.211,0.077
1.405,3.173,0.04
1.406,3.121,-0.043
1.407,2.987,0.006
1.408,2.81,-0.009
1.409,2.642,0.018
1.41,2.486,0.0
1.411,2.339,0.025
1.412,2.201,0.014
1.413,2.073,0.021
1.414,1.951,0.008
1.415,1.837,-0.003
1.416,1.73,-0.018
1.417,1.629,-0.055
1.418,1.535,-0.098
1.419,1.446,-0.149
1.42,1.362,-0.133
1.421,1.284,-0.022
1.422,1.209,-0.014
1.423,1.141,-0.053
1.424,1.075,-0.016
1.425,1.012,-0.025
1.426,0.955,-0.056
1.427,0.9,-0.099
1.428,0.849,-0.117
1.429,0.8,-0.115
1.43,0.755,-0.039
1.431,0.712,0.004
1.432,0.671,0.05
1.433,0.633,0.097
1.434,0.597,0.103
1.435,0.563,0.108
1.436,0.531,0.052
1.437,0.502,0.016
1.438,0.474,0.008
1.439,0.446,0.012
1.44,0.421,0.001
1.441,0.398,-0.016
1.442,0.375,0.015
1.443,0.354,0.115
1.444,0.335,0.23
1.445,0.317,0.104
1.446,0.298,0.014
1.447,0.282,0.004
1.448,0.266,-0.029
1.449,0.251,0.019
1.45,0.238,-0.008
1.451,0.225,-0.014
1.452,0.213,-0.036
1.453,0.2,0.003
1.454,0.189,-0.026
1.455,0.18,0.004
1.456,0.171,0.05
1.457,0.161,0.068
1.458,0.152,0.079
1.459,0.144,0.064
1.46,0.137,0.078
1.461,0.13,0.075
1.462,0.122,0.047
1.463,0.116,0.001
1.464,0.11,0.024
1.465,0.105,0.056
1.466,0.1,0.06
1.467,0.094,0.053
1.468,0.089,0.01
1.469,0.075,-0.048
1.47,0.075,-0.043
1.471,0.071,0.012
1.472,0.049,0.037
1.473,0.008,0.031
1.474,-0.018,0.03
1.475,-0.04,0.033
1.476,-0.067,0.04
1.477,-0.089,0.039
1.478,-0.101,0.051
1.479,-0.116,0.045
1.48,-0.133,0.051
2.48,2.806,-0.603
2.481,2.791,-0.528
2.482,2.778,-0.508
2.483,2.767,-0.513
2.484,2.743,-0.509
2.485,2.724,-0.502
2.486,2.678,-0.493
2.487,2.639,-0.495
2.488,2.602,-0.466
2.489,2.558,-0.418
2.49,2.506,-0.403
2.491,2.461,-0.366
2.492,2.396,-0.35
2.493,2.255,-0.329
2.494,2.122,-0.304
2.495,1.997,-0.285
2.496,1.88,-0.268
2.497,1.771,-0.248
2.498,1.667,-0.23
2.499,1.571,-0.208
2.5,1.479,-0.201
2.501,1.393,-0.191
2.502,1.313,-0.179
2.503,1.236,-0.171
2.504,1.165,-0.155
2.505,1.098,-0.136
2.506,1.034,-0.123
2.507,0.976,-0.116
2.508,0.919,-0.101
2.509,0.867,-0.084
2.51,0.817,-0.077
2.511,0.77,-0.068
2.512,0.727,-0.057
2.513,0.685,-0.046
2.514,0.646,-0.029
2.515,0.609,-0.021
2.516,0.575,-0.019
2.517,0.542,-0.015
2.518,0.511,-0.013
2.519,0.483,-0.006
2.52,0.455,-0.001
2.521,0.429,0.0
2.522,0.405,0.002
2.523,0.383,-0.002
2.524,0.361,-0.003
2.525,0.34,0.003
2.526,0.322,0.019
2.527,0.304,0.031
2.528,0.287,0.047
2.529,0.271,0.069
2.53,0.256,0.088
2.531,0.241,0.081
2.532,0.228,0.057
2.533,0.216,0.053
2.534,0.204,0.075
2.535,0.179,0.083
2.536,0.149,0.08
2.537,0.122,0.085
2.538,0.1,0.088
2.539,0.083,0.09
2.54,0.066,0.092
2.541,0.036,0.092
2.542,0.002,0.093
2.543,-0.028,0.092
2.544,-0.05,0.091
2.545,-0.069,0.091
2.546,-0.088,0.09
2.547,-0.112,0.093
2.548,-0.132,0.096
2.549,-0.159,0.097
2.55,-0.185,0.095
2.551,-0.207,0.096
2.552,-0.229,0.097
2.553,-0.253,0.099
2.554,-0.266,0.103
2.555,-0.281,0.104
2.556,-0.303,0.099
2.557,-0.323,0.098
2.558,-0.342,0.095
2.559,-0.353,0.1
2.56,-0.374,0.098
2.561,-0.385,0.1
2.562,-0.4,0.099
2.563,-0.42,0.097
2.564,-0.433,0.097
2.565,-0.439,0.096
2.566,-0.449,0.095
2.567,-0.464,0.094
2.568,-0.479,0.094
2.569,-0.489,0.096
2.57,-0.496,0.095
2.571,-0.503,0.094
2.572,-0.51,0.094
2.573,-0.515,0.094
2.574,-0.524,0.094
2.575,-0.53,0.097
2.576,-0.537,0.094
2.577,-0.543,0.093
2.578,-0.548,0.09
2.579,-0.553,0.09
2.58,-0.555,0.088
2.581,-0.561,0.088
2.582,-0.568,0.087
2.583,-0.573,0.083
2.584,-0.575,0.082
2.585,-0.574,0.081
2.586,-0.571,0.082
2.587,-0.572,0.08
2.588,-0.571,0.08
2.589,-0.571,0.078
2.59,-0.565,0.077
2.591,-0.563,0.076
2.592,-0.558,0.077
2.593,-0.548,0.077
2.594,-0.543,0.077
2.595,-0.541,0.075
2.596,-0.543,0.076
2.597,-0.542,0.073
2.598,-0.543,0.07
2.599,-0.544,0.069
2.6,-0.55,0.066
2.601,-0.55,0.065
2.602,-0.551,0.064
2.603,-0.553,0.063
2.604,-0.551,0.06
2.605,-0.55,0.059
2.606,-0.549,0.06
2.607,-0.539,0.058
2.608,-0.527,0.058
2.609,-0.529,0.057
2.61,-0.544,0.055
2.611,-0.542,0.055
2.612,-0.539,0.053
2.613,-0.53,0.055
2.614,-0.509,0.055
2.615,-0.493,0.052
2.616,-0.501,0.05
2.617,-0.508,0.048
2.618,-0.507,0.046
2.619,-0.522,0.047
2.62,-0.509,0.048
3.52,2.744,-0.277
3.521,2.687,-0.232
3.522,2.61,-0.236
3.523,2.534,-0.225
3.524,2.447,-0.271
3.525,2.39,-0.304
3.526,2.28,-0.326
3.527,2.145,-0.383
3.528,2.02,-0.401
3.529,1.901,-0.355
3.53,1.79,-0.203
3.531,1.685,-0.082
3.532,1.586,-0.011
3.533,1.494,-0.111
3.534,1.407,-0.241
3.535,1.326,-0.301
3.536,1.25,-0.357
3.537,1.177,-0.371
3.538,1.11,-0.365
3.539,1.046,-0.333
3.54,0.985,-0.308
3.541,0.929,-0.251
3.542,0.875,-0.118
3.543,0.826,-0.044
3.544,0.778,-0.098
3.545,0.733,-0.073
3.546,0.691,-0.05
3.547,0.652,-0.011
3.548,0.615,-0.047
3.549,0.581,-0.072
3.55,0.547,-0.035
3.551,0.516,-0.013
3.552,0.488,-0.02
3.553,0.46,-0.076
3.554,0.434,-0.132
3.555,0.409,-0.12
3.556,0.386,-0.141
3.557,0.365,-0.187
3.558,0.344,-0.16
3.559,0.324,-0.004
3.56,0.307,0.138
3.561,0.29,0.097
3.562,0.274,0.024
3.563,0.259,-0.003
3.564,0.244,0.042
3.565,0.23,0.083
3.566,0.217,0.171
3.567,0.206,0.175
3.568,0.195,0.329
3.569,0.184,0.409
3.57,0.162,0.332
3.571,0.137,0.307
3.572,0.108,0.222
3.573,0.08,0.151
3.574,0.051,0.137
3.575,0.026,0.108
3.576,-0.003,0.076
3.577,-0.015,0.052
3.578,-0.021,0.043
3.579,-0.047,0.054
3.58,-0.084,0.111
3.581,-0.115,0.142
3.582,-0.147,0.141
3.583,-0.182,0.149
3.584,-0.213,0.131
3.585,-0.246,0.144
3.586,-0.275,0.14
3.587,-0.289,0.113
3.588,-0.293,0.043
3.589,-0.298,0.0
3.59,-0.306,-0.048
3.591,-0.304,-0.062
3.592,-0.29,-0.002
3.593,-0.287,0.056
3.594,-0.325,0.108
3.595,-0.374,0.132
3.596,-0.41,0.1
3.597,-0.429,0.113
3.598,-0.425,0.107
3.599,-0.426,0.058
3.6,-0.435,0.023
3.601,-0.436,0.0
3.602,-0.428,0.036
3.603,-0.44,0.067
3.604,-0.448,0.107
3.605,-0.461,0.125
3.606,-0.487,0.104
3.607,-0.508,0.09
3.608,-0.516,0.088
3.609,-0.52,0.08
3.61,-0.525,0.08
3.611,-0.531,0.085
3.612,-0.543,0.081
3.613,-0.556,0.08
3.614,-0.562,0.082
3.615,-0.565,0.08
3.616,-0.574,0.074
3.617,-0.579,0.076
3.618,-0.592,0.077
3.619,-0.595,0.081
3.62,-0.584,0.082
3.621,-0.579,0.077
3.622,-0.575,0.077
3.623,-0.579,0.075
3.624,-0.584,0.074
3.625,-0.585,0.073
3.626,-0.579,0.077
3.627,-0.575,0.076
3.628,-0.567,0.082
3.629,-0.563,0.091
3.63,-0.559,0.091
3.631,-0.558,0.097
3.632,-0.559,0.09
3.633,-0.555,0.087
3.634,-0.554,0.081
3.635,-0.553,0.07
3.636,-0.552,0.063
3.637,-0.547,0.059
3.638,-0.547,0.05
3.639,-0.55,0.044
3.64,-0.546,0.046
3.641,-0.539,0.046
3.642,-0.527,0.051
3.643,-0.513,0.055
3.644,-0.51,0.055
3.645,-0.509,0.059
3.646,-0.513,0.064
3.647,-0.505,0.066
3.648,-0.494,0.064
3.649,-0.49,0.065
3.65,-0.48,0.059
3.651,-0.471,0.038
3.652,-0.461,0.03
3.653,-0.447,0.036
3.654,-0.435,0.04
3.655,-0.427,0.037
3.656,-0.417,0.028
3.657,-0.416,0.026
3.658,-0.414,0.039
3.659,-0.41,0.038
3.66,-0.402,0.041
3.661,-0.398,0.045
3.662,-0.396,0.046
3.663,-0.387,0.05
3.664,-0.38,0.047
3.665,-0.371,0.043
3.666,-0.365,0.042
3.667,-0.359,0.039
3.668,-0.351,0.035
3.669,-0.349,0.036
3.67,-0.347,0.033
3.671,-0.34,0.036
3.672,-0.334,0.037
3.673,-0.326,0.036
3.674,-0.319,0.034
3.675,-0.31,0.033
3.676,-0.302,0.034
3.677,-0.298,0.031
3.678,-0.292,0.027
3.679,-0.283,0.026
3.68,-0.275,0.025
3.681,-0.273,0.025
3.682,-0.267,0.024
3.683,-0.264,0.023
3.684,-0.253,0.026
3.685,-0.249,0.029
3.686,-0.246,0.024
3.687,-0.241,0.025
3.688,-0.233,0.024
3.689,-0.218,0.024
3.69,-0.202,0.022
3.691,-0.204,0.019
3.692,-0.208,0.022
3.693,-0.21,0.023
3.694,-0.217,0.021
3.695,-0.211,0.022
3.696,-0.198,0.022
3.697,-0.194,0.02
3.698,-0.192,0.02
3.699,-0.19,0.018
3.7,-0.201,0.019
3.701,-0.218,0.017
3.702,-0.216,0.008
3.703,-0.198,-0.002
3.704,-0.173,0.008
3.705,-0.14,0.017
3.706,-0.113,0.009
3.707,-0.096,0.011
3.708,-0.121,0.006
3.709,-0.146,0.007
3.71,-0.15,0.006
3.711,-0.156,0.006
3.712,-0.151,0.009
3.713,-0.15,0.01
3.714,-0.147,0.01
3.715,-0.13,0.011
3.716,-0.081,0.009
3.717,-0.078,0.007
3.718,-0.114,0.007
3.719,-0.094,0.007
3.72,-0.06,0.009
4.74,-0.121,0.005
4.741,-0.118,0.01
4.742,-0.114,0.006
4.743,-0.104,0.004
4.744,-0.096,0.008
4.745,-0.089,0.008
4.746,-0.089,0.008
4.747,-0.091,0.01
4.748,-0.089,0.009
4.749,-0.09,0.009
4.75,-0.085,0.004
4.751,-0.084,0.003
4.752,-0.082,0.002
4.753,-0.081,0.003
4.754,-0.078,0.003
4.755,-0.074,0.005
4.756,-0.069,0.006
4.757,-0.069,0.006
4.758,-0.062,0.0
4.759,-0.062,0.003
4.76,-0.059,0.001
4.761,-0.057,0.002
4.762,-0.058,0.001
4.763,-0.057,-0.001
4.764,-0.052,0.001
4.765,-0.049,0.002
4.766,-0.048,0.001
4.767,-0.047,0.0
4.768,-0.044,0.001
4.769,-0.04,-0.001
4.77,-0.041,0.0
4.771,-0.037,0.0
4.772,-0.034,0.0
4.773,-0.03,0.002
4.774,-0.028,0.006
4.775,-0.023,0.006
4.776,-0.018,0.006
4.777,-0.017,0.003
4.778,-0.013,0.003
4.779,-0.009,0.004
4.78,-0.011,0.002
4.781,-0.021,0.002
4.782,-0.023,0.0
4.783,-0.02,-0.002
4.784,-0.02,-0.002
4.785,-0.017,0.0
4.786,-0.013,0.0
4.787,-0.007,0.001
4.788,0.0,0.0
4.789,0.014,0.0
4.79,0.019,-0.001
4.791,-0.003,0.0
4.792,-0.024,0.0
4.793,-0.042,0.003
4.794,-0.035,0.004
4.795,-0.031,0.006
4.796,-0.033,0.005
4.797,-0.036,0.0
4.798,-0.041,0.001
4.799,-0.015,0.0
4.8,0.005,0.0
4.801,0.004,0.002
4.802,-0.006,-0.001
4.803,-0.011,-0.003
4.804,-0.02,-0.002
4.805,-0.01,-0.003
4.806,-0.006,-0.002
4.807,-0.048,-0.005
4.808,-0.067,-0.002
4.809,-0.081,-0.002
4.81,-0.086,-0.001
4.811,-0.086,0.002
4.812,-0.063,0.007
4.813,-0.028,0.011
4.814,0.005,0.014
4.815,0.033,0.017
4.816,0.024,0.015
4.817,0.032,0.012
4.818,0.08,0.011
4.819,0.167,0.006
4.82,0.205,-0.001
4.821,0.193,-0.004
4.822,0.147,-0.009
4.823,0.132,-0.011
4.824,0.153,-0.011
4.825,0.142,-0.01
4.826,0.12,-0.01
4.827,0.081,-0.006
4.828,0.025,-0.005
4.829,-0.004,-0.003
4.83,-0.01,0.0
4.831,-0.023,0.0
4.832,-0.034,0.001
4.833,-0.039,0.0
4.834,-0.014,0.0
4.835,0.006,0.0
4.836,0.001,-0.001
4.837,-0.004,-0.006
4.838,0.011,-0.007
4.839,0.005,-0.005
4.84,-0.032,-0.004
4.841,-0.032,0.0
4.842,-0.005,0.002
4.843,0.005,0.001
4.844,0.006,0.0
4.845,-0.006,0.001
4.846,-0.004,0.002
4.847,0.003,0.002
4.848,-0.003,0.0
4.849,0.006,-0.003
4.85,0.011,-0.005
4.851,-0.014,-0.005
4.852,-0.017,-0.005
4.853,-0.056,-0.006
4.854,-0.107,0.0
4.855,-0.143,-0.001
4.856,-0.15,-0.002
4.857,-0.138,-0.003
4.858,-0.1,0.002
4.859,-0.045,0.003
4.86,-0.028,0.006
4.861,-0.052,0.01
4.862,-0.044,0.011
4.863,-0.004,0.012
4.864,0.061,0.011
4.865,0.127,0.01
4.866,0.088,0.008
4.867,0.007,0.004
4.868,-0.008,0.0
4.869,0.054,0.0
4.87,0.114,0.0
4.871,0.06,-0.004
4.872,0.01,-0.004
4.873,0.001,-0.001
4.874,0.006,-0.001
4.875,0.052,0.0
4.876,0.099,-0.001
4.877,0.118,-0.001
4.878,0.088,0.0
4.879,0.045,-0.002
4.88,0.017,-0.003
4.881,-0.037,-0.004
4.882,-0.034,-0.005
4.883,-0.051,-0.009
4.884,-0.091,-0.008
4.885,-0.105,-0.009
4.886,-0.094,-0.006
4.887,-0.073,-0.002
4.888,-0.045,0.0
4.889,-0.053,0.0
4.89,-0.045,0.0
4.891,-0.069,0.003
4.892,-0.113,0.005
4.893,-0.116,0.005
4.894,-0.091,0.004
4.895,0.008,0.006
4.896,0.131,0.007
4.897,0.233,0.008
4.898,0.223,0.012
4.899,0.112,0.012
4.9,0.092,0.006
5.74,2.839,-0.36
5.741,2.833,-0.34
5.742,2.82,-0.314
5.743,2.803,-0.216
5.744,2.789,-0.276
5.745,2.765,-0.336
5.746,2.737,-0.215
5.747,2.708,-0.301
5.748,2.689,-0.385
5.749,2.667,-0.397
5.75,2.635,-0.375
5.751,2.524,-0.381
5.752,2.375,-0.395
5.753,2.236,-0.258
5.754,2.103,0.053
5.755,1.981,0.234
5.756,1.864,0.172
5.757,1.755,0.128
5.758,1.654,0.025
5.759,1.557,0.003
5.76,1.466,-0.088
5.761,1.381,-0.204
5.762,1.302,-0.257
5.763,1.226,-0.19
5.764,1.155,-0.113
5.765,1.09,-0.06
5.766,1.027,-0.034
5.767,0.967,-0.073
5.768,0.911,-0.079
5.769,0.859,-0.104
5.77,0.81,-0.113
5.771,0.764,-0.145
5.772,0.72,-0.224
5.773,0.679,-0.314
5.774,0.64,-0.342
5.775,0.604,-0.41
5.776,0.569,-0.416
5.777,0.538,-0.295
5.778,0.507,-0.147
5.779,0.479,-0.073
5.78,0.451,0.309
5.781,0.426,0.788
5.782,0.403,0.712
5.783,0.379,0.426
5.784,0.358,0.282
5.785,0.338,0.204
5.786,0.319,0.244
5.787,0.301,0.197
5.788,0.285,0.16
5.789,0.268,0.158
5.79,0.253,0.143
5.791,0.241,0.135
5.792,0.227,0.087
5.793,0.213,0.071
5.794,0.202,0.068
5.795,0.191,0.102
5.796,0.181,0.108
5.797,0.171,0.119
5.798,0.126,0.115
5.799,0.09,0.123
5.8,0.057,0.127
5.801,0.03,0.145
5.802,0.004,0.152
5.803,-0.017,0.157
5.804,-0.032,0.115
5.805,-0.05,0.07
5.806,-0.05,0.071
5.807,-0.046,0.018
5.808,-0.039,-0.048
5.809,-0.029,-0.039
5.81,-0.009,-0.028
5.811,-0.022,0.017
5.812,-0.058,0.064
5.813,-0.112,0.074
5.814,-0.163,0.082
5.815,-0.204,0.072
5.816,-0.236,0.073
5.817,-0.256,0.067
5.818,-0.28,0.065
5.819,-0.293,0.067
5.82,-0.308,0.072
5.821,-0.332,0.08
5.822,-0.358,0.079
5.823,-0.376,0.074
5.824,-0.388,0.078
5.825,-0.4,0.081
5.826,-0.413,0.083
5.827,-0.426,0.088
5.828,-0.439,0.093
5.829,-0.45,0.095
5.83,-0.463,0.092
5.831,-0.477,0.088
5.832,-0.489,0.088
5.833,-0.502,0.086
5.834,-0.513,0.084
5.835,-0.531,0.082
5.836,-0.54,0.083
5.837,-0.538,0.081
5.838,-0.538,0.084
5.839,-0.536,0.092
5.84,-0.54,0.093
5.841,-0.541,0.098
5.842,-0.546,0.096
5.843,-0.56,0.086
5.844,-0.558,0.076
5.845,-0.555,0.049
5.846,-0.555,0.064
5.847,-0.554,0.098
5.848,-0.56,0.084
5.849,-0.562,0.087
5.85,-0.566,0.078
5.851,-0.569,0.077
5.852,-0.565,0.076
5.853,-0.566,0.075
5.854,-0.566,0.078
5.855,-0.565,0.071
5.856,-0.567,0.071
5.857,-0.565,0.067
5.858,-0.562,0.066
5.859,-0.555,0.063
5.86,-0.547,0.061
5.861,-0.548,0.061
5.862,-0.551,0.059
5.863,-0.551,0.054
5.864,-0.553,0.057
5.865,-0.552,0.057
5.866,-0.538,0.054
5.867,-0.53,0.052
5.868,-0.531,0.053
5.869,-0.518,0.047
5.87,-0.514,0.046
5.871,-0.528,0.043
5.872,-0.524,0.044
5.873,-0.513,0.045
5.874,-0.506,0.045
5.875,-0.494,0.045
5.876,-0.494,0.042
5.877,-0.488,0.042
5.878,-0.482,0.038
5.879,-0.472,0.038
5.88,-0.468,0.036
5.881,-0.469,0.034
5.882,-0.462,0.029
5.883,-0.46,0.031
5.884,-0.445,0.031
5.885,-0.441,0.029
5.886,-0.433,0.028
5.887,-0.428,0.029
5.888,-0.422,0.028
5.889,-0.414,0.027
5.89,-0.409,0.027
5.891,-0.4,0.027
5.892,-0.39,0.028
5.893,-0.384,0.026
5.894,-0.377,0.028
5.895,-0.371,0.024
5.896,-0.366,0.025
5.897,-0.358,0.024
5.898,-0.348,0.021
5.899,-0.344,0.021
5.9,-0.337,0.018
5.901,-0.33,0.018
5.902,-0.331,0.016
5.903,-0.327,0.015
5.904,-0.318,0.015
5.905,-0.303,0.016
5.906,-0.297,0.017
5.907,-0.286,0.016
5.908,-0.272,0.015
5.909,-0.26,0.015
5.91,-0.249,0.016
5.911,-0.241,0.016
5.912,-0.231,0.015
5.913,-0.223,0.017
5.914,-0.227,0.013
5.915,-0.238,0.012
5.916,-0.247,0.011
5.917,-0.258,0.009
5.918,-0.265,0.008
5.919,-0.262,0.009
5.92,-0.265,0.009
6.94,-0.346,0.0
6.941,-0.34,0.002
6.942,-0.335,0.003
6.943,-0.328,0.002
6.944,-0.32,0.001
6.945,-0.311,0.003
6.946,-0.306,0.002
6.947,-0.302,0.002
6.948,-0.296,0.004
6.949,-0.289,0.003
6.95,-0.282,0.007
6.951,-0.277,0.006
6.952,-0.271,0.006
6.953,-0.266,0.006
6.954,-0.258,0.007
6.955,-0.254,0.007
6.956,-0.248,0.006
6.957,-0.244,0.006
6.958,-0.238,0.001
6.959,-0.23,0.002
6.96,-0.224,0.001
6.961,-0.218,0.002
6.962,-0.217,-0.001
6.963,-0.212,0.0
6.964,-0.204,0.0
6.965,-0.197,0.0
6.966,-0.195,-0.001
6.967,-0.191,0.0
6.968,-0.182,-0.002
6.969,-0.179,-0.003
6.97,-0.174,-0.003
6.971,-0.169,-0.005
6.972,-0.161,-0.003
6.973,-0.154,-0.001
6.974,-0.151,-0.002
6.975,-0.146,-0.003
6.976,-0.14,-0.002
6.977,-0.139,-0.004
6.978,-0.129,-0.004
6.979,-0.118,-0.004
6.98,-0.109,-0.003
6.981,-0.106,-0.006
6.982,-0.114,-0.006
6.983,-0.129,-0.007
6.984,-0.128,-0.006
6.985,-0.133,-0.005
6.986,-0.142,-0.006
6.987,-0.145,-0.005
6.988,-0.145,-0.003
6.989,-0.139,-0.002
6.99,-0.138,-0.002
6.991,-0.123,-0.001
6.992,-0.099,0.0
6.993,-0.051,0.003
6.994,-0.007,0.005
6.995,0.006,0.003
6.996,-0.015,0.001
6.997,-0.027,-0.002
6.998,-0.026,-0.003
6.999,-0.045,-0.006
7.0,-0.051,-0.007
7.001,-0.061,-0.005
7.002,-0.076,-0.005
7.003,-0.083,-0.006
7.004,-0.083,-0.003
7.005,-0.078,0.001
7.006,-0.07,0.005
7.007,-0.072,0.008
7.008,-0.065,0.009
7.009,-0.026,0.009
7.01,-0.045,0.007
7.011,-0.093,0.006
7.012,-0.097,0.004
7.013,-0.114,0.005
7.014,-0.139,0.005
7.015,-0.14,0.003
7.016,-0.128,0.004
7.017,-0.118,0.005
7.018,-0.088,0.008
7.019,-0.081,0.007
7.02,-0.048,0.013
